clientId,timeZone,statusCode,latency
16,WEST,200,1268
65,WEST,200,1307
38,WEST,200,1310
27,WEST,200,1316
46,WEST,200,1340
22,WEST,200,1356
68,WEST,200,1364
56,WEST,200,1358
17,WEST,200,1365
47,WEST,200,1401
67,WEST,200,1410
81,WEST,200,1411
84,WEST,200,1416
4,WEST,200,1412
82,WEST,200,1424
35,WEST,200,1431
3,WEST,200,1640
76,WEST,200,1649
64,WEST,200,1650
85,WEST,200,1653
40,WEST,200,1646
63,WEST,200,1669
24,WEST,200,1676
43,WEST,200,1667
15,WEST,200,1686
18,WEST,200,1674
31,WEST,200,1717
14,WEST,200,1719
72,WEST,200,1719
70,WEST,200,1717
2,WEST,200,1709
58,WEST,200,1719
55,WEST,200,1719
69,WEST,200,1718
42,WEST,200,1719
73,WEST,200,1718
25,WEST,200,1710
71,WEST,200,1720
1,WEST,200,1709
23,WEST,200,1711
39,WEST,200,1707
5,WEST,200,1713
75,WEST,200,1721
41,WEST,200,1722
37,WEST,200,1722
53,WEST,200,1709
6,WEST,200,1723
61,WEST,200,1727
29,WEST,200,1728
9,WEST,200,1724
7,WEST,200,1726
12,WEST,200,1730
48,WEST,200,1734
33,WEST,200,1724
21,WEST,200,1736
66,WEST,200,1737
11,WEST,200,1739
78,WEST,200,1742
13,WEST,200,1733
74,WEST,200,1740
51,WEST,200,1729
50,WEST,200,1750
62,WEST,200,1750
49,WEST,200,1737
19,WEST,200,1748
57,WEST,200,1736
54,WEST,200,1737
83,WEST,200,1750
45,WEST,200,1739
34,WEST,200,1741
44,WEST,200,1751
59,WEST,200,1752
30,WEST,200,1741
26,WEST,200,1745
32,WEST,200,1754
8,WEST,200,1753
20,WEST,200,1753
28,WEST,200,1754
52,WEST,200,1755
80,WEST,200,1760
10,WEST,200,1749
77,WEST,200,1760
36,WEST,200,1748
60,WEST,200,1765
79,WEST,200,1765
16,WEST,200,47
65,WEST,200,49
38,WEST,200,71
27,WEST,200,101
46,WEST,200,134
22,WEST,200,185
17,WEST,200,223
68,WEST,200,251
56,WEST,200,274
81,WEST,200,255
4,WEST,200,247
47,WEST,200,270
82,WEST,200,260
84,WEST,200,279
35,WEST,200,272
67,WEST,200,307
80,WEST,200,404
76,WEST,200,825
57,WEST,200,722
44,WEST,200,720
53,WEST,200,748
43,WEST,200,845
60,WEST,200,777
85,WEST,200,1047
64,WEST,200,1051
40,WEST,200,1144
63,WEST,200,1140
20,WEST,200,1053
23,WEST,200,1157
3,WEST,200,1238
14,WEST,200,1168
31,WEST,200,1170
1,WEST,200,1176
66,WEST,200,1175
2,WEST,200,1202
6,WEST,200,1201
55,WEST,200,1209
71,WEST,200,1209
25,WEST,200,1209
61,WEST,200,1202
74,WEST,200,1188
69,WEST,200,1210
49,WEST,200,1204
15,WEST,200,1269
24,WEST,200,1302
45,WEST,200,1246
59,WEST,200,1254
18,WEST,200,1363
83,WEST,200,1305
28,WEST,200,1302
32,WEST,200,1303
41,WEST,200,1337
77,WEST,200,1304
78,WEST,200,1325
48,WEST,200,1335
42,WEST,200,1351
11,WEST,200,1333
7,WEST,200,1335
62,WEST,200,1320
5,WEST,200,1354
37,WEST,200,1349
75,WEST,200,1353
52,WEST,200,1319
39,WEST,200,1356
10,WEST,200,1318
19,WEST,200,1327
21,WEST,200,1341
79,WEST,200,1312
34,WEST,200,1325
50,WEST,200,1327
36,WEST,200,1317
73,WEST,200,1359
13,WEST,200,1337
72,WEST,200,1359
70,WEST,200,1359
12,WEST,200,1343
8,WEST,200,1323
51,WEST,200,1341
26,WEST,200,1326
30,WEST,200,1330
33,WEST,200,1350
29,WEST,200,1356
9,WEST,200,1351
54,WEST,200,1336
58,WEST,200,1367
16,WEST,200,65
65,WEST,200,48
38,WEST,200,43
27,WEST,200,45
46,WEST,200,37
22,WEST,200,45
17,WEST,200,60
68,WEST,200,57
56,WEST,200,46
81,WEST,200,83
4,WEST,200,107
82,WEST,200,90
67,WEST,200,73
47,WEST,200,125
84,WEST,200,104
35,WEST,200,98
80,WEST,200,44
44,WEST,200,58
57,WEST,200,80
43,WEST,200,59
53,WEST,200,113
76,WEST,200,114
60,WEST,200,53
85,WEST,200,59
64,WEST,200,57
63,WEST,200,49
40,WEST,200,68
20,WEST,200,64
1,WEST,200,88
23,WEST,200,194
31,WEST,200,401
14,WEST,200,479
3,WEST,200,549
66,WEST,200,536
6,WEST,200,632
55,WEST,200,632
69,WEST,200,647
2,WEST,200,688
71,WEST,200,690
25,WEST,200,717
61,WEST,200,807
74,WEST,200,807
59,WEST,200,763
49,WEST,200,838
32,WEST,200,746
79,WEST,200,727
15,WEST,200,852
72,WEST,200,737
62,WEST,200,745
24,WEST,200,849
11,WEST,200,759
30,WEST,200,753
41,WEST,200,775
52,WEST,200,766
45,WEST,200,844
19,WEST,200,765
5,WEST,200,771
51,WEST,200,762
77,WEST,200,783
12,WEST,200,769
28,WEST,200,791
33,WEST,200,764
48,WEST,200,781
54,WEST,200,765
21,WEST,200,779
9,WEST,200,768
29,WEST,200,768
13,WEST,200,779
18,WEST,200,803
83,WEST,200,799
10,WEST,200,780
70,WEST,200,780
58,WEST,200,770
34,WEST,200,780
39,WEST,200,784
8,WEST,200,779
42,WEST,200,790
36,WEST,200,783
78,WEST,200,794
7,WEST,200,791
26,WEST,200,783
73,WEST,200,790
37,WEST,200,794
50,WEST,200,790
75,WEST,200,794
65,WEST,200,51
16,WEST,200,63
38,WEST,200,44
27,WEST,200,39
46,WEST,200,37
22,WEST,200,44
17,WEST,200,40
68,WEST,200,39
56,WEST,200,38
81,WEST,200,136
4,WEST,200,148
82,WEST,200,173
67,WEST,200,164
84,WEST,200,173
47,WEST,200,179
35,WEST,200,176
80,WEST,200,52
44,WEST,200,43
57,WEST,200,37
53,WEST,200,68
43,WEST,200,81
76,WEST,200,80
60,WEST,200,70
64,WEST,200,50
85,WEST,200,50
63,WEST,200,41
40,WEST,200,59
20,WEST,200,66
1,WEST,200,38
23,WEST,200,38
31,WEST,200,37
14,WEST,200,37
3,WEST,200,40
66,WEST,200,44
6,WEST,200,46
55,WEST,200,57
69,WEST,200,47
2,WEST,200,42
71,WEST,200,41
25,WEST,200,37
61,WEST,200,51
74,WEST,200,56
59,WEST,200,37
42,WEST,200,304
9,WEST,200,338
49,WEST,200,445
26,WEST,200,546
79,WEST,200,609
19,WEST,200,602
5,WEST,200,598
36,WEST,200,583
58,WEST,200,587
51,WEST,200,600
50,WEST,200,580
75,WEST,200,580
7,WEST,200,585
77,WEST,200,609
78,WEST,200,596
32,WEST,200,713
15,WEST,200,729
72,WEST,200,733
54,WEST,200,696
62,WEST,200,733
52,WEST,200,713
21,WEST,200,703
34,WEST,200,701
29,WEST,200,704
41,WEST,200,725
45,WEST,200,722
13,WEST,200,710
30,WEST,200,730
24,WEST,200,737
70,WEST,200,713
8,WEST,200,713
10,WEST,200,713
33,WEST,200,720
28,WEST,200,722
11,WEST,200,741
73,WEST,200,712
12,WEST,200,729
83,WEST,200,724
48,WEST,200,728
18,WEST,200,725
37,WEST,200,715
39,WEST,200,724
65,WEST,200,62
16,WEST,200,71
38,WEST,200,65
27,WEST,200,61
46,WEST,200,37
22,WEST,200,39
17,WEST,200,51
68,WEST,200,63
56,WEST,200,51
81,WEST,200,55
4,WEST,200,57
67,WEST,200,63
82,WEST,200,89
35,WEST,200,80
84,WEST,200,100
47,WEST,200,99
80,WEST,200,58
44,WEST,200,50
57,WEST,200,46
53,WEST,200,52
76,WEST,200,70
60,WEST,200,83
43,WEST,200,83
85,WEST,200,56
64,WEST,200,56
63,WEST,200,49
20,WEST,200,122
40,WEST,200,151
1,WEST,200,75
23,WEST,200,46
31,WEST,200,48
14,WEST,200,43
3,WEST,200,58
66,WEST,200,51
6,WEST,200,56
55,WEST,200,57
69,WEST,200,81
2,WEST,200,56
71,WEST,200,66
25,WEST,200,50
61,WEST,200,61
74,WEST,200,65
59,WEST,200,57
42,WEST,200,42
9,WEST,200,37
49,WEST,200,36
79,WEST,200,50
26,WEST,200,66
50,WEST,200,413
75,WEST,200,413
5,WEST,200,415
36,WEST,200,415
51,WEST,200,413
7,WEST,200,412
58,WEST,200,415
19,WEST,200,418
77,WEST,200,408
78,WEST,200,428
72,WEST,200,417
32,WEST,200,491
13,WEST,200,499
10,WEST,200,496
15,WEST,200,528
30,WEST,200,500
45,WEST,200,512
29,WEST,200,514
12,WEST,200,499
73,WEST,200,500
70,WEST,200,510
54,WEST,200,532
11,WEST,200,517
24,WEST,200,522
37,WEST,200,533
52,WEST,200,571
33,WEST,200,558
21,WEST,200,568
34,WEST,200,568
62,WEST,200,579
48,WEST,200,548
8,WEST,200,563
28,WEST,200,568
83,WEST,200,557
18,WEST,200,557
39,WEST,200,557
41,WEST,200,575
125,CENTRAL,200,1153
103,CENTRAL,200,1160
156,CENTRAL,200,1158
145,CENTRAL,200,1166
127,CENTRAL,200,1171
118,CENTRAL,200,1174
165,CENTRAL,200,1171
163,CENTRAL,200,1171
148,CENTRAL,200,1173
123,CENTRAL,200,1176
141,CENTRAL,200,1187
128,CENTRAL,200,1240
122,CENTRAL,200,1438
95,CENTRAL,200,1449
101,CENTRAL,200,1452
120,CENTRAL,200,1459
121,CENTRAL,200,1461
135,CENTRAL,200,1463
91,CENTRAL,200,1477
119,CENTRAL,200,1473
109,CENTRAL,200,1474
155,CENTRAL,200,1471
105,CENTRAL,200,1480
140,CENTRAL,200,1478
126,CENTRAL,200,1484
114,CENTRAL,200,1492
164,CENTRAL,200,1486
110,CENTRAL,200,1494
132,CENTRAL,200,1493
133,CENTRAL,200,1495
117,CENTRAL,200,1497
137,CENTRAL,200,1496
112,CENTRAL,200,1501
142,CENTRAL,200,1498
90,CENTRAL,200,1508
144,CENTRAL,200,1501
115,CENTRAL,200,1506
98,CENTRAL,200,1509
158,CENTRAL,200,1501
170,CENTRAL,200,1505
143,CENTRAL,200,1509
130,CENTRAL,200,1510
106,CENTRAL,200,1514
129,CENTRAL,200,1511
87,CENTRAL,200,1516
116,CENTRAL,200,1513
88,CENTRAL,200,1520
104,CENTRAL,200,1518
166,CENTRAL,200,1509
99,CENTRAL,200,1518
152,CENTRAL,200,1512
94,CENTRAL,200,1526
151,CENTRAL,200,1518
111,CENTRAL,200,1523
138,CENTRAL,200,1520
102,CENTRAL,200,1525
139,CENTRAL,200,1520
108,CENTRAL,200,1528
159,CENTRAL,200,1523
150,CENTRAL,200,1525
107,CENTRAL,200,1534
136,CENTRAL,200,1531
153,CENTRAL,200,1530
161,CENTRAL,200,1529
154,CENTRAL,200,1532
146,CENTRAL,200,1533
97,CENTRAL,200,1540
86,CENTRAL,200,1542
147,CENTRAL,200,1536
134,CENTRAL,200,1538
89,CENTRAL,200,1544
100,CENTRAL,200,1546
169,CENTRAL,200,1536
157,CENTRAL,200,1539
92,CENTRAL,200,1547
149,CENTRAL,200,1540
113,CENTRAL,200,1548
131,CENTRAL,200,1546
93,CENTRAL,200,1551
168,CENTRAL,200,1541
160,CENTRAL,200,1545
96,CENTRAL,200,1569
124,CENTRAL,200,1574
162,CENTRAL,200,1572
167,CENTRAL,200,1572
65,WEST,200,42
16,WEST,200,45
38,WEST,200,40
27,WEST,200,35
46,WEST,200,35
22,WEST,200,36
17,WEST,200,37
68,WEST,200,42
56,WEST,200,43
81,WEST,200,34
4,WEST,200,35
67,WEST,200,36
82,WEST,200,38
35,WEST,200,52
84,WEST,200,51
47,WEST,200,53
80,WEST,200,35
44,WEST,200,60
57,WEST,200,53
53,WEST,200,47
43,WEST,200,74
76,WEST,200,101
60,WEST,200,115
64,WEST,200,57
85,WEST,200,72
63,WEST,200,45
20,WEST,200,38
40,WEST,200,49
1,WEST,200,42
23,WEST,200,35
31,WEST,200,37
14,WEST,200,37
3,WEST,200,56
66,WEST,200,48
6,WEST,200,39
55,WEST,200,36
2,WEST,200,48
69,WEST,200,53
71,WEST,200,60
25,WEST,200,55
61,WEST,200,39
59,WEST,200,55
74,WEST,200,62
42,WEST,200,47
9,WEST,200,40
49,WEST,200,37
79,WEST,200,35
26,WEST,200,38
50,WEST,200,137
36,WEST,200,154
32,WEST,200,53
58,WEST,200,272
78,WEST,200,288
72,WEST,200,255
51,WEST,200,391
7,WEST,200,401
5,WEST,200,409
77,WEST,200,417
19,WEST,200,428
75,WEST,200,430
10,WEST,200,335
54,WEST,200,341
45,WEST,200,365
30,WEST,200,407
13,WEST,200,407
37,WEST,200,359
15,WEST,200,407
73,WEST,200,430
70,WEST,200,435
24,WEST,200,427
11,WEST,200,435
18,WEST,200,388
29,WEST,200,452
28,WEST,200,391
62,WEST,200,403
34,WEST,200,405
41,WEST,200,397
48,WEST,200,405
83,WEST,200,401
21,WEST,200,409
52,WEST,200,410
12,WEST,200,459
39,WEST,200,402
8,WEST,200,405
33,WEST,200,410
156,CENTRAL,200,59
141,CENTRAL,200,74
125,CENTRAL,200,176
165,CENTRAL,200,159
123,CENTRAL,200,218
148,CENTRAL,200,223
163,CENTRAL,200,223
145,CENTRAL,200,232
103,CENTRAL,200,243
118,CENTRAL,200,229
127,CENTRAL,200,230
128,CENTRAL,200,165
122,CENTRAL,200,55
120,CENTRAL,200,958
95,CENTRAL,200,1056
101,CENTRAL,200,1117
109,CENTRAL,200,1295
91,CENTRAL,200,1300
126,CENTRAL,200,1290
119,CENTRAL,200,1302
121,CENTRAL,200,1321
135,CENTRAL,200,1332
158,CENTRAL,200,1303
112,CENTRAL,200,1316
117,CENTRAL,200,1318
146,CENTRAL,200,1282
133,CENTRAL,200,1323
114,CENTRAL,200,1331
86,CENTRAL,200,1284
104,CENTRAL,200,1311
102,CENTRAL,200,1306
110,CENTRAL,200,1342
92,CENTRAL,200,1293
97,CENTRAL,200,1300
87,CENTRAL,200,1325
106,CENTRAL,200,1328
155,CENTRAL,200,1368
138,CENTRAL,200,1321
154,CENTRAL,200,1312
167,CENTRAL,200,1272
98,CENTRAL,200,1346
159,CENTRAL,200,1327
108,CENTRAL,200,1331
142,CENTRAL,200,1359
113,CENTRAL,200,1312
105,CENTRAL,200,1383
90,CENTRAL,200,1357
132,CENTRAL,200,1374
129,CENTRAL,200,1354
93,CENTRAL,200,1319
131,CENTRAL,200,1319
115,CENTRAL,200,1361
107,CENTRAL,200,1334
170,CENTRAL,200,1354
100,CENTRAL,200,1326
147,CENTRAL,200,1330
137,CENTRAL,200,1376
111,CENTRAL,200,1352
169,CENTRAL,200,1337
130,CENTRAL,200,1367
164,CENTRAL,200,1387
161,CENTRAL,200,1345
152,CENTRAL,200,1366
150,CENTRAL,200,1354
124,CENTRAL,200,1312
134,CENTRAL,200,1347
94,CENTRAL,200,1364
144,CENTRAL,200,1389
140,CENTRAL,200,1414
157,CENTRAL,200,1363
168,CENTRAL,200,1357
153,CENTRAL,200,1371
88,CENTRAL,200,1391
99,CENTRAL,200,1391
143,CENTRAL,200,1395
139,CENTRAL,200,1385
136,CENTRAL,200,1377
166,CENTRAL,200,1398
96,CENTRAL,200,1346
89,CENTRAL,200,1373
162,CENTRAL,200,1333
151,CENTRAL,200,1394
160,CENTRAL,200,1367
65,WEST,200,1140
116,CENTRAL,200,1404
149,CENTRAL,200,1375
38,WEST,200,1130
46,WEST,200,1096
16,WEST,200,1157
47,WEST,200,604
27,WEST,200,1153
22,WEST,200,1061
44,WEST,200,92
57,WEST,200,86
56,WEST,200,971
81,WEST,200,826
68,WEST,200,982
17,WEST,200,1010
4,WEST,200,796
67,WEST,200,758
84,WEST,200,690
82,WEST,200,741
35,WEST,200,705
80,WEST,200,465
53,WEST,200,78
43,WEST,200,38
76,WEST,200,46
60,WEST,200,53
64,WEST,200,57
85,WEST,200,49
63,WEST,200,35
20,WEST,200,35
40,WEST,200,46
1,WEST,200,43
23,WEST,200,36
31,WEST,200,35
14,WEST,200,37
66,WEST,200,49
3,WEST,200,49
6,WEST,200,37
55,WEST,200,37
2,WEST,200,51
69,WEST,200,48
71,WEST,200,50
25,WEST,200,50
61,WEST,200,52
74,WEST,200,55
59,WEST,200,58
42,WEST,200,49
9,WEST,200,42
49,WEST,200,34
79,WEST,200,37
26,WEST,200,36
50,WEST,200,49
36,WEST,200,42
32,WEST,200,38
58,WEST,200,34
78,WEST,200,36
72,WEST,200,34
51,WEST,200,47
7,WEST,200,59
5,WEST,200,84
77,WEST,200,74
19,WEST,200,76
75,WEST,200,76
10,WEST,200,33
54,WEST,200,33
45,WEST,200,38
13,WEST,200,57
37,WEST,200,121
15,WEST,200,258
30,WEST,200,277
73,WEST,200,260
24,WEST,200,280
8,WEST,200,262
11,WEST,200,293
70,WEST,200,303
39,WEST,200,286
52,WEST,200,287
18,WEST,200,301
33,WEST,200,289
62,WEST,200,300
34,WEST,200,302
83,WEST,200,297
12,WEST,200,300
28,WEST,200,310
41,WEST,200,305
29,WEST,200,313
48,WEST,200,308
21,WEST,200,304
156,CENTRAL,200,43
141,CENTRAL,200,38
125,CENTRAL,200,46
165,CENTRAL,200,49
123,CENTRAL,200,96
118,CENTRAL,200,145
128,CENTRAL,200,144
163,CENTRAL,200,151
148,CENTRAL,200,156
127,CENTRAL,200,154
103,CENTRAL,200,156
145,CENTRAL,200,156
122,CENTRAL,200,73
120,CENTRAL,200,64
95,CENTRAL,200,37
101,CENTRAL,200,44
126,CENTRAL,200,453
119,CENTRAL,200,825
109,CENTRAL,200,852
91,CENTRAL,200,927
121,CENTRAL,200,1123
135,CENTRAL,200,1246
158,CENTRAL,200,1249
112,CENTRAL,200,1245
102,CENTRAL,200,1298
87,CENTRAL,200,1299
110,CENTRAL,200,1319
142,CENTRAL,200,1294
46,WEST,200,1246
108,CENTRAL,200,1334
138,CENTRAL,200,1431
97,CENTRAL,200,1452
147,CENTRAL,200,1432
76,WEST,200,1385
90,CENTRAL,200,1639
117,CENTRAL,200,1709
144,CENTRAL,200,1647
96,CENTRAL,200,1628
167,CENTRAL,200,1691
160,CENTRAL,200,1631
38,WEST,200,1615
155,CENTRAL,200,1711
149,CENTRAL,200,1635
16,WEST,200,1604
136,CENTRAL,200,1647
114,CENTRAL,200,1736
115,CENTRAL,200,1693
161,CENTRAL,200,1683
105,CENTRAL,200,1704
113,CENTRAL,200,1704
159,CENTRAL,200,1708
64,WEST,200,1368
151,CENTRAL,200,1652
104,CENTRAL,200,1745
92,CENTRAL,200,1735
111,CENTRAL,200,1694
98,CENTRAL,200,1718
164,CENTRAL,200,1693
154,CENTRAL,200,1720
133,CENTRAL,200,1753
86,CENTRAL,200,1754
100,CENTRAL,200,1709
153,CENTRAL,200,1673
35,WEST,200,1541
99,CENTRAL,200,1674
27,WEST,200,1607
47,WEST,200,1634
146,CENTRAL,200,1767
134,CENTRAL,200,1698
93,CENTRAL,200,1716
106,CENTRAL,200,1744
89,CENTRAL,200,1678
116,CENTRAL,200,1673
94,CENTRAL,200,1706
129,CENTRAL,200,1730
57,WEST,200,1605
157,CENTRAL,200,1695
143,CENTRAL,200,1694
168,CENTRAL,200,1695
107,CENTRAL,200,1734
132,CENTRAL,200,1738
85,WEST,200,1408
137,CENTRAL,200,1735
88,CENTRAL,200,1704
162,CENTRAL,200,1697
131,CENTRAL,200,1742
170,CENTRAL,200,1742
140,CENTRAL,200,1715
150,CENTRAL,200,1729
166,CENTRAL,200,1700
139,CENTRAL,200,1706
124,CENTRAL,200,1726
82,WEST,200,1586
130,CENTRAL,200,1745
68,WEST,200,1603
152,CENTRAL,200,1740
169,CENTRAL,200,1746
65,WEST,200,1707
60,WEST,200,1490
81,WEST,200,1607
44,WEST,200,1635
56,WEST,200,1621
67,WEST,200,1610
63,WEST,200,1392
84,WEST,200,1608
17,WEST,200,1628
22,WEST,200,1660
4,WEST,200,1622
53,WEST,200,1609
43,WEST,200,1579
20,WEST,200,1312
80,WEST,200,1628
23,WEST,200,1239
40,WEST,200,1306
1,WEST,200,1304
31,WEST,200,1065
3,WEST,200,888
14,WEST,200,1011
66,WEST,200,895
69,WEST,200,741
55,WEST,200,803
6,WEST,200,818
2,WEST,200,750
71,WEST,200,721
61,WEST,200,628
25,WEST,200,726
49,WEST,200,223
59,WEST,200,594
74,WEST,200,600
9,WEST,200,275
42,WEST,200,283
79,WEST,200,73
26,WEST,200,55
50,WEST,200,52
36,WEST,200,44
32,WEST,200,36
58,WEST,200,35
78,WEST,200,36
72,WEST,200,36
51,WEST,200,34
7,WEST,200,32
5,WEST,200,55
19,WEST,200,60
77,WEST,200,77
75,WEST,200,71
10,WEST,200,36
54,WEST,200,34
45,WEST,200,36
13,WEST,200,35
37,WEST,200,36
15,WEST,200,37
30,WEST,200,41
73,WEST,200,35
24,WEST,200,51
8,WEST,200,172
18,WEST,200,155
62,WEST,200,198
11,WEST,200,227
52,WEST,200,234
21,WEST,200,218
70,WEST,200,246
33,WEST,200,278
34,WEST,200,271
39,WEST,200,282
41,WEST,200,279
48,WEST,200,276
29,WEST,200,286
28,WEST,200,289
12,WEST,200,290
83,WEST,200,293
156,CENTRAL,200,44
141,CENTRAL,200,34
125,CENTRAL,200,46
165,CENTRAL,200,45
123,CENTRAL,200,35
118,CENTRAL,200,105
103,CENTRAL,200,106
122,CENTRAL,200,118
128,CENTRAL,200,153
163,CENTRAL,200,161
145,CENTRAL,200,160
127,CENTRAL,200,164
148,CENTRAL,200,164
120,CENTRAL,200,33
95,CENTRAL,200,45
101,CENTRAL,200,40
126,CENTRAL,200,48
119,CENTRAL,200,37
109,CENTRAL,200,39
91,CENTRAL,200,39
121,CENTRAL,200,44
135,CENTRAL,200,36
158,CENTRAL,200,53
112,CENTRAL,200,57
102,CENTRAL,200,62
87,CENTRAL,200,67
110,CENTRAL,200,82
46,WEST,200,72
142,CENTRAL,200,102
108,CENTRAL,200,74
138,CENTRAL,200,37
97,CENTRAL,200,47
147,CENTRAL,200,44
76,WEST,200,42
90,CENTRAL,200,39
117,CENTRAL,200,42
144,CENTRAL,200,952
164,CENTRAL,200,989
96,CENTRAL,200,1054
149,CENTRAL,200,1165
64,WEST,200,1168
167,CENTRAL,200,1195
155,CENTRAL,200,1226
154,CENTRAL,200,1241
159,CENTRAL,200,1259
105,CENTRAL,200,1269
98,CENTRAL,200,1278
65,WEST,200,1225
16,WEST,200,1309
38,WEST,200,1318
133,CENTRAL,200,1312
160,CENTRAL,200,1427
151,CENTRAL,200,1452
81,WEST,200,1435
67,WEST,200,1435
85,WEST,200,1473
53,WEST,200,1451
168,CENTRAL,200,1516
43,WEST,200,1463
4,WEST,200,1491
99,CENTRAL,200,1561
136,CENTRAL,200,1599
131,CENTRAL,200,1548
68,WEST,200,1541
35,WEST,200,1591
115,CENTRAL,200,1614
129,CENTRAL,200,1577
132,CENTRAL,200,1573
130,CENTRAL,200,1590
113,CENTRAL,200,1671
153,CENTRAL,200,1658
140,CENTRAL,200,1624
22,WEST,200,1588
161,CENTRAL,200,1671
106,CENTRAL,200,1652
93,CENTRAL,200,1655
20,WEST,200,1577
27,WEST,200,1657
162,CENTRAL,200,1635
134,CENTRAL,200,1661
92,CENTRAL,200,1676
82,WEST,200,1625
86,CENTRAL,200,1672
89,CENTRAL,200,1662
104,CENTRAL,200,1682
139,CENTRAL,200,1639
166,CENTRAL,200,1639
146,CENTRAL,200,1667
56,WEST,200,1615
116,CENTRAL,200,1662
111,CENTRAL,200,1683
114,CENTRAL,200,1700
100,CENTRAL,200,1682
170,CENTRAL,200,1659
107,CENTRAL,200,1673
94,CENTRAL,200,1685
137,CENTRAL,200,1669
88,CENTRAL,200,1669
143,CENTRAL,200,1679
150,CENTRAL,200,1669
44,WEST,200,1653
157,CENTRAL,200,1685
60,WEST,200,1661
124,CENTRAL,200,1676
169,CENTRAL,200,1670
57,WEST,200,1704
84,WEST,200,1667
63,WEST,200,1672
31,WEST,200,1589
1,WEST,200,1618
152,CENTRAL,200,1721
80,WEST,200,1681
40,WEST,200,1647
47,WEST,200,1765
17,WEST,200,1703
23,WEST,200,1665
26,WEST,200,1657
71,WEST,200,1711
9,WEST,200,1699
66,WEST,200,1777
25,WEST,200,1765
34,WEST,200,233
6,WEST,200,1790
2,WEST,200,1790
49,WEST,200,1787
59,WEST,200,1813
61,WEST,200,1822
14,WEST,200,1856
55,WEST,200,1832
3,WEST,200,1859
42,WEST,200,1801
74,WEST,200,1813
79,WEST,200,1782
69,WEST,200,1840
36,WEST,200,1314
32,WEST,200,1281
50,WEST,200,1337
58,WEST,200,1316
51,WEST,200,1187
78,WEST,200,1284
7,WEST,200,1206
72,WEST,200,1283
77,WEST,200,1141
19,WEST,200,1160
15,WEST,200,832
13,WEST,200,1035
54,WEST,200,1115
37,WEST,200,977
45,WEST,200,1107
11,WEST,200,602
48,WEST,200,534
73,WEST,200,849
8,WEST,200,682
24,WEST,200,813
83,WEST,200,533
18,WEST,200,686
30,WEST,200,873
10,WEST,200,1198
52,WEST,200,613
62,WEST,200,644
41,WEST,200,555
75,WEST,200,1243
28,WEST,200,557
21,WEST,200,624
29,WEST,200,563
12,WEST,200,562
39,WEST,200,585
70,WEST,200,623
5,WEST,200,1283
33,WEST,200,585
141,CENTRAL,200,134
156,CENTRAL,200,164
125,CENTRAL,200,103
165,CENTRAL,200,106
123,CENTRAL,200,53
103,CENTRAL,200,263
145,CENTRAL,200,208
148,CENTRAL,200,357
127,CENTRAL,200,357
118,CENTRAL,200,465
122,CENTRAL,200,460
128,CENTRAL,200,441
163,CENTRAL,200,435
120,CENTRAL,200,36
95,CENTRAL,200,37
101,CENTRAL,200,35
126,CENTRAL,200,65
119,CENTRAL,200,54
109,CENTRAL,200,58
91,CENTRAL,200,45
121,CENTRAL,200,63
135,CENTRAL,200,76
158,CENTRAL,200,81
112,CENTRAL,200,82
102,CENTRAL,200,53
87,CENTRAL,200,60
110,CENTRAL,200,55
108,CENTRAL,200,61
46,WEST,200,79
142,CENTRAL,200,82
138,CENTRAL,200,46
97,CENTRAL,200,82
147,CENTRAL,200,115
76,WEST,200,35
90,CENTRAL,200,64
117,CENTRAL,200,65
144,CENTRAL,200,45
164,CENTRAL,200,36
96,CENTRAL,200,34
149,CENTRAL,200,40
64,WEST,200,49
167,CENTRAL,200,50
155,CENTRAL,200,36
154,CENTRAL,200,37
159,CENTRAL,200,50
105,CENTRAL,200,77
98,CENTRAL,200,78
38,WEST,200,68
65,WEST,200,99
133,CENTRAL,200,70
16,WEST,200,94
160,CENTRAL,200,35
151,CENTRAL,200,34
81,WEST,200,54
67,WEST,200,70
53,WEST,200,92
85,WEST,200,134
82,WEST,200,208
63,WEST,200,143
168,CENTRAL,200,597
43,WEST,200,691
4,WEST,200,749
99,CENTRAL,200,753
136,CENTRAL,200,915
115,CENTRAL,200,1002
35,WEST,200,1018
68,WEST,200,1045
131,CENTRAL,200,1082
107,CENTRAL,200,1096
129,CENTRAL,200,1218
130,CENTRAL,200,1251
134,CENTRAL,200,1250
157,CENTRAL,200,1213
132,CENTRAL,200,1345
89,CENTRAL,200,1331
143,CENTRAL,200,1321
94,CENTRAL,200,1326
60,WEST,200,1317
146,CENTRAL,200,1351
153,CENTRAL,200,1368
92,CENTRAL,200,1362
100,CENTRAL,200,1350
20,WEST,200,1365
44,WEST,200,1330
57,WEST,200,1308
27,WEST,200,1368
137,CENTRAL,200,1337
74,WEST,200,1022
111,CENTRAL,200,1377
116,CENTRAL,200,1401
124,CENTRAL,200,1378
139,CENTRAL,200,1419
104,CENTRAL,200,1419
150,CENTRAL,200,1393
170,CENTRAL,200,1413
169,CENTRAL,200,1405
113,CENTRAL,200,1462
166,CENTRAL,200,1445
93,CENTRAL,200,1462
140,CENTRAL,200,1471
88,CENTRAL,200,1427
114,CENTRAL,200,1449
56,WEST,200,1455
106,CENTRAL,200,1476
161,CENTRAL,200,1479
31,WEST,200,1429
152,CENTRAL,200,1409
162,CENTRAL,200,1508
86,CENTRAL,200,1515
84,WEST,200,1482
22,WEST,200,1564
17,WEST,200,1479
80,WEST,200,1485
47,WEST,200,1483
40,WEST,200,1501
1,WEST,200,1527
26,WEST,200,1403
78,WEST,200,1139
23,WEST,200,1546
71,WEST,200,1457
59,WEST,200,1346
25,WEST,200,1405
66,WEST,200,1422
61,WEST,200,1357
73,WEST,200,1097
9,WEST,200,1483
58,WEST,200,1289
69,WEST,200,1424
14,WEST,200,1428
49,WEST,200,1456
79,WEST,200,1444
50,WEST,200,1404
3,WEST,200,1449
6,WEST,200,1494
42,WEST,200,1449
34,WEST,200,1501
7,WEST,200,1281
77,WEST,200,1267
32,WEST,200,1425
36,WEST,200,1433
2,WEST,200,1502
19,WEST,200,1269
55,WEST,200,1468
15,WEST,200,1260
45,WEST,200,1254
83,WEST,200,1239
52,WEST,200,1232
10,WEST,200,1233
41,WEST,200,1230
75,WEST,200,1224
12,WEST,200,1228
51,WEST,200,1416
72,WEST,200,1355
5,WEST,200,1275
13,WEST,200,1366
48,WEST,200,1326
21,WEST,200,1298
11,WEST,200,1348
70,WEST,200,1305
29,WEST,200,1311
18,WEST,200,1344
30,WEST,200,1342
33,WEST,200,1319
62,WEST,200,1337
8,WEST,200,1358
24,WEST,200,1353
54,WEST,200,1410
37,WEST,200,1408
28,WEST,200,1333
39,WEST,200,1337
208,EAST,200,964
178,EAST,200,1013
175,EAST,200,1013
196,EAST,200,1033
202,EAST,200,1031
217,EAST,200,1031
174,EAST,200,1362
176,EAST,200,1375
180,EAST,200,1374
177,EAST,200,1375
179,EAST,200,1375
186,EAST,200,1374
225,EAST,200,1369
251,EAST,200,1366
181,EAST,200,1374
182,EAST,200,1374
185,EAST,200,1560
241,EAST,200,1567
220,EAST,200,1575
228,EAST,200,1574
221,EAST,200,1576
222,EAST,200,1576
195,EAST,200,1582
218,EAST,200,1579
234,EAST,200,1580
171,EAST,200,1590
236,EAST,200,1583
194,EAST,200,1589
197,EAST,200,1592
219,EAST,200,1591
231,EAST,200,1600
254,EAST,200,1597
229,EAST,200,1600
193,EAST,200,1605
215,EAST,200,1602
214,EAST,200,1607
204,EAST,200,1611
187,EAST,200,1618
190,EAST,200,1618
246,EAST,200,1610
209,EAST,200,1614
235,EAST,200,1612
192,EAST,200,1620
189,EAST,200,1620
205,EAST,200,1617
243,EAST,200,1613
213,EAST,200,1616
198,EAST,200,1619
239,EAST,200,1614
249,EAST,200,1612
250,EAST,200,1614
233,EAST,200,1616
184,EAST,200,1623
256,EAST,200,1614
238,EAST,200,1616
247,EAST,200,1616
207,EAST,200,1621
252,EAST,200,1616
191,EAST,200,1624
211,EAST,200,1627
183,EAST,200,1631
237,EAST,200,1628
212,EAST,200,1632
226,EAST,200,1634
230,EAST,200,1636
188,EAST,200,1646
203,EAST,200,1646
240,EAST,200,1645
216,EAST,200,1652
210,EAST,200,1653
255,EAST,200,1651
206,EAST,200,1662
223,EAST,200,1663
199,EAST,200,1667
172,EAST,200,1669
242,EAST,200,1661
173,EAST,200,1669
253,EAST,200,1664
201,EAST,200,1671
224,EAST,200,1672
244,EAST,200,1673
227,EAST,200,1675
200,EAST,200,1680
245,EAST,200,1676
248,EAST,200,1676
232,EAST,200,1678
123,CENTRAL,200,80
165,CENTRAL,200,125
156,CENTRAL,200,211
125,CENTRAL,200,177
141,CENTRAL,200,238
103,CENTRAL,200,52
145,CENTRAL,200,53
127,CENTRAL,200,78
148,CENTRAL,200,82
122,CENTRAL,200,53
118,CENTRAL,200,93
128,CENTRAL,200,75
163,CENTRAL,200,72
120,CENTRAL,200,42
95,CENTRAL,200,36
101,CENTRAL,200,35
126,CENTRAL,200,40
119,CENTRAL,200,45
109,CENTRAL,200,41
91,CENTRAL,200,36
121,CENTRAL,200,44
135,CENTRAL,200,37
112,CENTRAL,200,63
158,CENTRAL,200,75
102,CENTRAL,200,41
87,CENTRAL,200,37
110,CENTRAL,200,43
108,CENTRAL,200,56
46,WEST,200,91
138,CENTRAL,200,70
142,CENTRAL,200,90
97,CENTRAL,200,37
147,CENTRAL,200,37
76,WEST,200,39
90,CENTRAL,200,66
117,CENTRAL,200,68
144,CENTRAL,200,39
164,CENTRAL,200,35
96,CENTRAL,200,35
149,CENTRAL,200,35
64,WEST,200,46
167,CENTRAL,200,51
155,CENTRAL,200,45
154,CENTRAL,200,36
159,CENTRAL,200,38
105,CENTRAL,200,34
98,CENTRAL,200,49
38,WEST,200,51
65,WEST,200,52
133,CENTRAL,200,68
16,WEST,200,71
160,CENTRAL,200,37
151,CENTRAL,200,41
67,WEST,200,171
81,WEST,200,204
85,WEST,200,115
53,WEST,200,147
63,WEST,200,58
82,WEST,200,62
168,CENTRAL,200,36
43,WEST,200,37
4,WEST,200,50
99,CENTRAL,200,46
136,CENTRAL,200,49
115,CENTRAL,200,38
35,WEST,200,45
68,WEST,200,39
131,CENTRAL,200,40
107,CENTRAL,200,38
129,CENTRAL,200,35
130,CENTRAL,200,38
134,CENTRAL,200,49
157,CENTRAL,200,53
132,CENTRAL,200,39
89,CENTRAL,200,161
92,CENTRAL,200,274
114,CENTRAL,200,325
152,CENTRAL,200,375
143,CENTRAL,200,553
60,WEST,200,615
161,CENTRAL,200,511
153,CENTRAL,200,761
94,CENTRAL,200,761
88,CENTRAL,200,770
104,CENTRAL,200,838
100,CENTRAL,200,950
86,CENTRAL,200,807
44,WEST,200,1009
74,WEST,200,1015
31,WEST,200,915
137,CENTRAL,200,1059
57,WEST,200,1080
146,CENTRAL,200,1090
27,WEST,200,1102
20,WEST,200,1113
111,CENTRAL,200,1100
23,WEST,200,902
26,WEST,200,915
37,WEST,200,575
116,CENTRAL,200,1159
150,CENTRAL,200,1150
139,CENTRAL,200,1158
124,CENTRAL,200,1167
170,CENTRAL,200,1222
84,WEST,200,1134
140,CENTRAL,200,1224
162,CENTRAL,200,1215
106,CENTRAL,200,1267
93,CENTRAL,200,1288
166,CENTRAL,200,1304
56,WEST,200,1297
169,CENTRAL,200,1312
113,CENTRAL,200,1317
22,WEST,200,1218
40,WEST,200,1218
1,WEST,200,1218
17,WEST,200,1252
47,WEST,200,1274
80,WEST,200,1298
77,WEST,200,1081
78,WEST,200,1260
59,WEST,200,1208
25,WEST,200,1208
73,WEST,200,1204
14,WEST,200,1150
71,WEST,200,1248
66,WEST,200,1251
61,WEST,200,1260
50,WEST,200,1173
9,WEST,200,1243
69,WEST,200,1202
42,WEST,200,1179
34,WEST,200,1189
49,WEST,200,1214
72,WEST,200,1101
79,WEST,200,1209
36,WEST,200,1193
13,WEST,200,1077
54,WEST,200,1032
41,WEST,200,1143
12,WEST,200,1132
10,WEST,200,1150
75,WEST,200,1150
51,WEST,200,1123
32,WEST,200,1209
52,WEST,200,1151
19,WEST,200,1202
8,WEST,200,1045
3,WEST,200,1237
55,WEST,200,1216
24,WEST,200,1059
28,WEST,200,1057
33,WEST,200,1061
6,WEST,200,1232
48,WEST,200,1091
39,WEST,200,1044
2,WEST,200,1221
83,WEST,200,1172
15,WEST,200,1211
7,WEST,200,1231
62,WEST,200,1061
21,WEST,200,1090
45,WEST,200,1193
5,WEST,200,1106
70,WEST,200,1078
11,WEST,200,1082
29,WEST,200,1074
30,WEST,200,1066
18,WEST,200,1066
58,WEST,200,1271
208,EAST,200,50
175,EAST,200,65
178,EAST,200,75
217,EAST,200,67
196,EAST,200,92
202,EAST,200,94
174,EAST,200,158
186,EAST,200,193
181,EAST,200,193
180,EAST,200,196
182,EAST,200,196
176,EAST,200,196
225,EAST,200,196
179,EAST,200,198
251,EAST,200,198
177,EAST,200,198
185,EAST,200,42
204,EAST,200,337
219,EAST,200,484
194,EAST,200,491
231,EAST,200,478
193,EAST,200,480
145,CENTRAL,200,132
103,CENTRAL,200,133
222,EAST,200,1234
250,EAST,200,1228
215,EAST,200,1244
236,EAST,200,1268
195,EAST,200,1276
241,EAST,200,1285
173,EAST,200,1207
220,EAST,200,1297
234,EAST,200,1291
235,EAST,200,1260
205,EAST,200,1261
209,EAST,200,1263
187,EAST,200,1267
221,EAST,200,1312
190,EAST,200,1273
206,EAST,200,1241
240,EAST,200,1262
233,EAST,200,1290
197,EAST,200,1319
184,EAST,200,1301
207,EAST,200,1299
228,EAST,200,1343
171,EAST,200,1335
188,EAST,200,1281
165,CENTRAL,200,1245
255,EAST,200,1275
253,EAST,200,1268
239,EAST,200,1320
244,EAST,200,1265
210,EAST,200,1294
191,EAST,200,1333
232,EAST,200,1274
218,EAST,200,1379
223,EAST,200,1298
230,EAST,200,1323
247,EAST,200,1342
229,EAST,200,1362
125,CENTRAL,200,1243
156,CENTRAL,200,1261
249,EAST,200,1350
192,EAST,200,1350
141,CENTRAL,200,1245
254,EAST,200,1365
214,EAST,200,1362
242,EAST,200,1304
213,EAST,200,1353
243,EAST,200,1354
212,EAST,200,1344
201,EAST,200,1307
199,EAST,200,1313
226,EAST,200,1340
227,EAST,200,1303
224,EAST,200,1310
172,EAST,200,1320
203,EAST,200,1341
245,EAST,200,1306
211,EAST,200,1364
246,EAST,200,1385
256,EAST,200,1386
118,CENTRAL,200,773
216,EAST,200,1352
122,CENTRAL,200,792
189,EAST,200,1394
198,EAST,200,1394
237,EAST,200,1379
252,EAST,200,1388
200,EAST,200,1334
238,EAST,200,1393
163,CENTRAL,200,770
248,EAST,200,1332
183,EAST,200,1387
123,CENTRAL,200,1333
95,CENTRAL,200,350
127,CENTRAL,200,860
128,CENTRAL,200,803
148,CENTRAL,200,860
120,CENTRAL,200,436
101,CENTRAL,200,313
126,CENTRAL,200,43
119,CENTRAL,200,41
109,CENTRAL,200,38
91,CENTRAL,200,39
121,CENTRAL,200,65
135,CENTRAL,200,39
112,CENTRAL,200,70
102,CENTRAL,200,77
158,CENTRAL,200,99
87,CENTRAL,200,73
110,CENTRAL,200,47
108,CENTRAL,200,34
138,CENTRAL,200,55
46,WEST,200,81
142,CENTRAL,200,76
97,CENTRAL,200,50
147,CENTRAL,200,35
76,WEST,200,37
90,CENTRAL,200,37
117,CENTRAL,200,35
144,CENTRAL,200,44
164,CENTRAL,200,37
96,CENTRAL,200,40
149,CENTRAL,200,37
64,WEST,200,49
167,CENTRAL,200,55
155,CENTRAL,200,47
154,CENTRAL,200,39
159,CENTRAL,200,38
105,CENTRAL,200,37
98,CENTRAL,200,46
38,WEST,200,55
65,WEST,200,68
133,CENTRAL,200,62
16,WEST,200,94
160,CENTRAL,200,78
151,CENTRAL,200,64
81,WEST,200,91
67,WEST,200,95
85,WEST,200,100
53,WEST,200,90
63,WEST,200,53
82,WEST,200,53
168,CENTRAL,200,46
43,WEST,200,36
4,WEST,200,48
99,CENTRAL,200,50
136,CENTRAL,200,42
115,CENTRAL,200,36
35,WEST,200,59
68,WEST,200,64
131,CENTRAL,200,54
107,CENTRAL,200,54
129,CENTRAL,200,53
130,CENTRAL,200,37
134,CENTRAL,200,42
157,CENTRAL,200,52
132,CENTRAL,200,57
89,CENTRAL,200,35
92,CENTRAL,200,37
114,CENTRAL,200,40
152,CENTRAL,200,36
143,CENTRAL,200,42
60,WEST,200,49
161,CENTRAL,200,45
94,CENTRAL,200,53
153,CENTRAL,200,53
88,CENTRAL,200,37
104,CENTRAL,200,36
100,CENTRAL,200,39
86,CENTRAL,200,40
44,WEST,200,36
74,WEST,200,35
31,WEST,200,42
137,CENTRAL,200,40
57,WEST,200,73
146,CENTRAL,200,71
27,WEST,200,68
111,CENTRAL,200,68
20,WEST,200,79
23,WEST,200,57
116,CENTRAL,200,84
139,CENTRAL,200,78
26,WEST,200,114
37,WEST,200,120
150,CENTRAL,200,108
124,CENTRAL,200,98
140,CENTRAL,200,92
170,CENTRAL,200,168
84,WEST,200,299
162,CENTRAL,200,654
93,CENTRAL,200,779
166,CENTRAL,200,777
106,CENTRAL,200,1054
113,CENTRAL,200,1019
169,CENTRAL,200,1047
56,WEST,200,1054
22,WEST,200,1055
40,WEST,200,1068
17,WEST,200,1114
36,WEST,200,958
1,WEST,200,1182
3,WEST,200,1008
11,WEST,200,1014
62,WEST,200,1031
80,WEST,200,1192
47,WEST,200,1216
78,WEST,200,1179
71,WEST,200,1137
70,WEST,200,1039
59,WEST,200,1169
14,WEST,200,1149
6,WEST,200,1060
73,WEST,200,1183
25,WEST,200,1202
48,WEST,200,1074
10,WEST,200,1092
50,WEST,200,1145
13,WEST,200,1105
77,WEST,200,1225
58,WEST,200,1075
72,WEST,200,1120
49,WEST,200,1122
18,WEST,200,1075
28,WEST,200,1082
45,WEST,200,1084
34,WEST,200,1126
15,WEST,200,1086
75,WEST,200,1105
9,WEST,200,1148
29,WEST,200,1087
12,WEST,200,1114
55,WEST,200,1093
54,WEST,200,1118
32,WEST,200,1110
51,WEST,200,1110
2,WEST,200,1093
21,WEST,200,1093
24,WEST,200,1093
42,WEST,200,1147
41,WEST,200,1120
7,WEST,200,1096
19,WEST,200,1111
39,WEST,200,1097
5,WEST,200,1096
69,WEST,200,1154
61,WEST,200,1162
66,WEST,200,1186
33,WEST,200,1101
8,WEST,200,1116
79,WEST,200,1129
30,WEST,200,1096
83,WEST,200,1102
52,WEST,200,1117
208,EAST,200,38
175,EAST,200,64
178,EAST,200,103
217,EAST,200,119
196,EAST,200,109
202,EAST,200,115
174,EAST,200,53
186,EAST,200,134
176,EAST,200,135
179,EAST,200,147
251,EAST,200,195
181,EAST,200,206
225,EAST,200,203
177,EAST,200,203
182,EAST,200,208
180,EAST,200,208
185,EAST,200,175
204,EAST,200,37
219,EAST,200,116
194,EAST,200,121
145,CENTRAL,200,86
231,EAST,200,140
193,EAST,200,137
103,CENTRAL,200,95
222,EAST,200,42
250,EAST,200,129
195,EAST,200,602
215,EAST,200,938
220,EAST,200,1144
187,EAST,200,1181
241,EAST,200,1205
236,EAST,200,1208
209,EAST,200,1204
234,EAST,200,1219
173,EAST,200,1230
205,EAST,200,1227
221,EAST,200,1226
235,EAST,200,1261
190,EAST,200,1253
240,EAST,200,1244
197,EAST,200,1267
207,EAST,200,1270
247,EAST,200,1232
212,EAST,200,1225
255,EAST,200,1286
256,EAST,200,1218
227,EAST,200,1243
171,EAST,200,1309
229,EAST,200,1270
253,EAST,200,1303
252,EAST,200,1231
237,EAST,200,1235
188,EAST,200,1324
211,EAST,200,1259
248,EAST,200,1238
163,CENTRAL,200,1243
223,EAST,200,1297
199,EAST,200,1282
213,EAST,200,1291
203,EAST,200,1276
118,CENTRAL,200,1259
254,EAST,200,1299
165,CENTRAL,200,1341
226,EAST,200,1289
218,EAST,200,1309
122,CENTRAL,200,1261
214,EAST,200,1305
172,EAST,200,1287
184,EAST,200,1355
120,CENTRAL,200,1224
242,EAST,200,1310
228,EAST,200,1359
233,EAST,200,1373
206,EAST,200,1392
119,CENTRAL,200,539
128,CENTRAL,200,1299
210,EAST,200,1395
198,EAST,200,1337
189,EAST,200,1338
243,EAST,200,1380
123,CENTRAL,200,1337
141,CENTRAL,200,1388
232,EAST,200,1401
156,CENTRAL,200,1389
239,EAST,200,1419
192,EAST,200,1392
230,EAST,200,1395
101,CENTRAL,200,1304
244,EAST,200,1416
125,CENTRAL,200,1392
249,EAST,200,1394
224,EAST,200,1375
216,EAST,200,1354
245,EAST,200,1373
246,EAST,200,1360
200,EAST,200,1347
127,CENTRAL,200,1323
201,EAST,200,1386
183,EAST,200,1348
91,CENTRAL,200,476
238,EAST,200,1351
95,CENTRAL,200,1334
191,EAST,200,1410
148,CENTRAL,200,1324
126,CENTRAL,200,922
121,CENTRAL,200,250
135,CENTRAL,200,138
109,CENTRAL,200,575
112,CENTRAL,200,43
102,CENTRAL,200,51
158,CENTRAL,200,59
110,CENTRAL,200,66
87,CENTRAL,200,72
108,CENTRAL,200,45
138,CENTRAL,200,35
97,CENTRAL,200,51
142,CENTRAL,200,70
46,WEST,200,75
147,CENTRAL,200,59
76,WEST,200,37
90,CENTRAL,200,36
117,CENTRAL,200,36
144,CENTRAL,200,48
164,CENTRAL,200,48
96,CENTRAL,200,43
149,CENTRAL,200,42
64,WEST,200,39
167,CENTRAL,200,51
155,CENTRAL,200,54
154,CENTRAL,200,48
159,CENTRAL,200,37
105,CENTRAL,200,37
98,CENTRAL,200,36
38,WEST,200,40
65,WEST,200,60
133,CENTRAL,200,90
160,CENTRAL,200,81
16,WEST,200,100
151,CENTRAL,200,69
81,WEST,200,67
67,WEST,200,71
85,WEST,200,67
53,WEST,200,70
82,WEST,200,59
63,WEST,200,59
168,CENTRAL,200,34
43,WEST,200,37
4,WEST,200,50
99,CENTRAL,200,47
136,CENTRAL,200,38
115,CENTRAL,200,36
35,WEST,200,41
68,WEST,200,37
131,CENTRAL,200,38
107,CENTRAL,200,37
129,CENTRAL,200,36
130,CENTRAL,200,39
134,CENTRAL,200,40
157,CENTRAL,200,39
132,CENTRAL,200,39
89,CENTRAL,200,37
92,CENTRAL,200,35
114,CENTRAL,200,50
152,CENTRAL,200,36
143,CENTRAL,200,37
60,WEST,200,45
161,CENTRAL,200,45
94,CENTRAL,200,50
153,CENTRAL,200,50
88,CENTRAL,200,37
104,CENTRAL,200,34
100,CENTRAL,200,40
86,CENTRAL,200,39
44,WEST,200,44
74,WEST,200,34
31,WEST,200,48
137,CENTRAL,200,54
57,WEST,200,50
146,CENTRAL,200,61
20,WEST,200,59
27,WEST,200,82
111,CENTRAL,200,70
23,WEST,200,37
116,CENTRAL,200,41
139,CENTRAL,200,60
26,WEST,200,96
150,CENTRAL,200,82
37,WEST,200,88
124,CENTRAL,200,84
140,CENTRAL,200,38
170,CENTRAL,200,58
84,WEST,200,38
162,CENTRAL,200,46
93,CENTRAL,200,42
166,CENTRAL,200,42
113,CENTRAL,200,53
106,CENTRAL,200,76
169,CENTRAL,200,94
56,WEST,200,90
22,WEST,200,104
40,WEST,200,48
17,WEST,200,40
36,WEST,200,42
1,WEST,200,41
3,WEST,200,35
11,WEST,200,161
62,WEST,200,197
41,WEST,200,145
72,WEST,200,162
80,WEST,200,457
33,WEST,200,590
15,WEST,200,606
13,WEST,200,615
79,WEST,200,593
8,WEST,200,594
5,WEST,200,599
19,WEST,200,605
29,WEST,200,610
45,WEST,200,728
66,WEST,200,868
59,WEST,200,931
51,WEST,200,881
77,WEST,200,896
70,WEST,200,935
78,WEST,200,939
34,WEST,200,893
9,WEST,200,889
21,WEST,200,883
32,WEST,200,887
75,WEST,200,890
18,WEST,200,904
12,WEST,200,893
42,WEST,200,889
14,WEST,200,944
71,WEST,200,950
47,WEST,200,968
73,WEST,200,960
54,WEST,200,940
6,WEST,200,969
83,WEST,200,932
39,WEST,200,940
55,WEST,200,949
28,WEST,200,956
52,WEST,200,938
49,WEST,200,960
24,WEST,200,945
50,WEST,200,961
25,WEST,200,969
48,WEST,200,969
58,WEST,200,965
10,WEST,200,969
7,WEST,200,949
30,WEST,200,942
2,WEST,200,954
69,WEST,200,947
61,WEST,200,947
208,EAST,200,49
175,EAST,200,46
178,EAST,200,37
217,EAST,200,45
196,EAST,200,52
202,EAST,200,65
174,EAST,200,43
186,EAST,200,58
176,EAST,200,71
179,EAST,200,61
181,EAST,200,115
185,EAST,200,115
225,EAST,200,122
182,EAST,200,134
251,EAST,200,145
180,EAST,200,139
177,EAST,200,141
204,EAST,200,39
219,EAST,200,58
194,EAST,200,92
193,EAST,200,90
145,CENTRAL,200,97
231,EAST,200,98
103,CENTRAL,200,95
222,EAST,200,36
250,EAST,200,40
195,EAST,200,47
215,EAST,200,37
220,EAST,200,36
241,EAST,200,57
187,EAST,200,658
234,EAST,200,644
236,EAST,200,697
209,EAST,200,931
205,EAST,200,908
221,EAST,200,1007
173,EAST,200,1047
190,EAST,200,1062
229,EAST,200,1215
235,EAST,200,1360
227,EAST,200,1274
240,EAST,200,1361
212,EAST,200,1333
255,EAST,200,1346
256,EAST,200,1340
197,EAST,200,1402
207,EAST,200,1389
247,EAST,200,1387
253,EAST,200,1359
171,EAST,200,1374
226,EAST,200,1405
91,CENTRAL,200,1325
95,CENTRAL,200,1322
189,EAST,200,1343
233,EAST,200,1411
248,EAST,200,1446
148,CENTRAL,200,1332
135,CENTRAL,200,1310
211,EAST,200,1449
210,EAST,200,1361
252,EAST,200,1463
201,EAST,200,1343
120,CENTRAL,200,1429
200,EAST,200,1344
218,EAST,200,1437
118,CENTRAL,200,1439
199,EAST,200,1445
213,EAST,200,1444
192,EAST,200,1347
126,CENTRAL,200,1334
125,CENTRAL,200,1347
232,EAST,200,1355
254,EAST,200,1444
172,EAST,200,1438
228,EAST,200,1429
123,CENTRAL,200,1359
243,EAST,200,1359
119,CENTRAL,200,1372
188,EAST,200,1462
249,EAST,200,1352
141,CENTRAL,200,1358
184,EAST,200,1436
128,CENTRAL,200,1375
163,CENTRAL,200,1461
165,CENTRAL,200,1450
237,EAST,200,1472
191,EAST,200,1352
183,EAST,200,1356
214,EAST,200,1447
203,EAST,200,1456
101,CENTRAL,200,1362
122,CENTRAL,200,1452
246,EAST,200,1363
242,EAST,200,1448
223,EAST,200,1464
224,EAST,200,1364
110,CENTRAL,200,1260
206,EAST,200,1437
109,CENTRAL,200,1337
108,CENTRAL,200,1250
239,EAST,200,1379
138,CENTRAL,200,1195
238,EAST,200,1372
158,CENTRAL,200,1296
142,CENTRAL,200,1144
230,EAST,200,1385
244,EAST,200,1385
121,CENTRAL,200,1355
112,CENTRAL,200,1343
216,EAST,200,1385
90,CENTRAL,200,980
76,WEST,200,1050
127,CENTRAL,200,1389
102,CENTRAL,200,1318
245,EAST,200,1395
156,CENTRAL,200,1401
198,EAST,200,1410
97,CENTRAL,200,1185
46,WEST,200,1163
87,CENTRAL,200,1296
144,CENTRAL,200,81
147,CENTRAL,200,1161
117,CENTRAL,200,983
164,CENTRAL,200,52
96,CENTRAL,200,37
149,CENTRAL,200,37
64,WEST,200,34
167,CENTRAL,200,42
155,CENTRAL,200,46
154,CENTRAL,200,45
159,CENTRAL,200,39
105,CENTRAL,200,37
98,CENTRAL,200,61
38,WEST,200,56
65,WEST,200,34
133,CENTRAL,200,44
160,CENTRAL,200,37
16,WEST,200,47
151,CENTRAL,200,46
81,WEST,200,43
67,WEST,200,51
85,WEST,200,61
53,WEST,200,57
82,WEST,200,51
63,WEST,200,51
168,CENTRAL,200,38
43,WEST,200,38
4,WEST,200,51
99,CENTRAL,200,56
136,CENTRAL,200,36
115,CENTRAL,200,36
35,WEST,200,40
68,WEST,200,38
131,CENTRAL,200,37
107,CENTRAL,200,37
129,CENTRAL,200,36
130,CENTRAL,200,35
134,CENTRAL,200,41
157,CENTRAL,200,41
132,CENTRAL,200,38
89,CENTRAL,200,36
92,CENTRAL,200,35
114,CENTRAL,200,56
152,CENTRAL,200,40
143,CENTRAL,200,39
60,WEST,200,48
161,CENTRAL,200,49
94,CENTRAL,200,56
153,CENTRAL,200,56
88,CENTRAL,200,36
104,CENTRAL,200,56
100,CENTRAL,200,48
86,CENTRAL,200,48
44,WEST,200,42
74,WEST,200,40
31,WEST,200,33
137,CENTRAL,200,37
57,WEST,200,41
146,CENTRAL,200,40
20,WEST,200,43
111,CENTRAL,200,60
27,WEST,200,68
23,WEST,200,48
116,CENTRAL,200,36
139,CENTRAL,200,40
26,WEST,200,153
150,CENTRAL,200,172
37,WEST,200,172
124,CENTRAL,200,189
140,CENTRAL,200,153
170,CENTRAL,200,90
84,WEST,200,35
162,CENTRAL,200,43
93,CENTRAL,200,42
166,CENTRAL,200,43
113,CENTRAL,200,51
106,CENTRAL,200,40
169,CENTRAL,200,48
56,WEST,200,57
22,WEST,200,56
40,WEST,200,50
17,WEST,200,33
36,WEST,200,36
1,WEST,200,34
3,WEST,200,40
11,WEST,200,36
62,WEST,200,51
41,WEST,200,52
72,WEST,200,55
80,WEST,200,37
33,WEST,200,147
29,WEST,200,146
79,WEST,200,152
5,WEST,200,168
45,WEST,200,74
19,WEST,200,190
15,WEST,200,196
8,WEST,200,197
13,WEST,200,197
66,WEST,200,159
34,WEST,200,263
12,WEST,200,434
70,WEST,200,568
21,WEST,200,575
14,WEST,200,565
75,WEST,200,575
59,WEST,200,584
78,WEST,200,578
71,WEST,200,564
28,WEST,200,517
73,WEST,200,538
9,WEST,200,583
51,WEST,200,591
18,WEST,200,579
47,WEST,200,562
42,WEST,200,583
48,WEST,200,522
39,WEST,200,532
24,WEST,200,527
25,WEST,200,524
6,WEST,200,538
2,WEST,200,527
83,WEST,200,538
49,WEST,200,532
30,WEST,200,527
7,WEST,200,527
32,WEST,200,598
58,WEST,200,530
77,WEST,200,599
10,WEST,200,532
52,WEST,200,537
54,WEST,200,546
61,WEST,200,534
50,WEST,200,541
69,WEST,200,537
55,WEST,200,541
208,EAST,200,60
175,EAST,200,38
178,EAST,200,38
217,EAST,200,39
196,EAST,200,40
202,EAST,200,40
174,EAST,200,142
186,EAST,200,43
176,EAST,200,64
179,EAST,200,64
185,EAST,200,92
181,EAST,200,113
225,EAST,200,129
182,EAST,200,115
251,EAST,200,121
177,EAST,200,122
180,EAST,200,122
204,EAST,200,40
219,EAST,200,46
194,EAST,200,36
145,CENTRAL,200,51
193,EAST,200,67
231,EAST,200,78
103,CENTRAL,200,77
222,EAST,200,44
250,EAST,200,38
195,EAST,200,39
215,EAST,200,45
220,EAST,200,51
241,EAST,200,70
187,EAST,200,50
234,EAST,200,48
236,EAST,200,41
205,EAST,200,53
209,EAST,200,55
221,EAST,200,79
173,EAST,200,60
190,EAST,200,48
229,EAST,200,44
235,EAST,200,57
227,EAST,200,73
212,EAST,200,86
240,EAST,200,111
256,EAST,200,147
247,EAST,200,282
255,EAST,200,475
253,EAST,200,452
207,EAST,200,673
197,EAST,200,723
171,EAST,200,835
112,CENTRAL,200,1085
144,CENTRAL,200,1059
90,CENTRAL,200,1093
122,CENTRAL,200,1119
87,CENTRAL,200,1075
97,CENTRAL,200,1079
214,EAST,200,1128
191,EAST,200,1128
224,EAST,200,1127
223,EAST,200,1157
248,EAST,200,1193
91,CENTRAL,200,1361
126,CENTRAL,200,1372
206,EAST,200,1358
118,CENTRAL,200,1388
102,CENTRAL,200,1344
199,EAST,200,1406
226,EAST,200,1440
244,EAST,200,1373
254,EAST,200,1405
121,CENTRAL,200,1398
120,CENTRAL,200,1435
233,EAST,200,1446
216,EAST,200,1395
117,CENTRAL,200,1367
110,CENTRAL,200,1414
101,CENTRAL,200,1429
163,CENTRAL,200,1433
158,CENTRAL,200,1413
239,EAST,200,1421
200,EAST,200,1456
109,CENTRAL,200,1432
172,EAST,200,1452
213,EAST,200,1456
119,CENTRAL,200,1454
228,EAST,200,1456
125,CENTRAL,200,1459
201,EAST,200,1459
246,EAST,200,1441
230,EAST,200,1429
164,CENTRAL,200,1383
189,EAST,200,1489
243,EAST,200,1473
76,WEST,200,1438
232,EAST,200,1478
245,EAST,200,1435
46,WEST,200,1423
108,CENTRAL,200,1457
198,EAST,200,1443
96,CENTRAL,200,1396
252,EAST,200,1502
210,EAST,200,1502
127,CENTRAL,200,1456
142,CENTRAL,200,1466
237,EAST,200,1490
184,EAST,200,1502
135,CENTRAL,200,1520
242,EAST,200,1498
211,EAST,200,1524
138,CENTRAL,200,1487
128,CENTRAL,200,1505
148,CENTRAL,200,1529
95,CENTRAL,200,1547
147,CENTRAL,200,1471
188,EAST,200,1534
183,EAST,200,1526
192,EAST,200,1538
218,EAST,200,1538
156,CENTRAL,200,1488
249,EAST,200,1532
165,CENTRAL,200,1530
141,CENTRAL,200,1536
238,EAST,200,1516
123,CENTRAL,200,1548
203,EAST,200,1571
149,CENTRAL,200,1423
64,WEST,200,1393
38,WEST,200,1221
65,WEST,200,1193
98,CENTRAL,200,1244
16,WEST,200,1091
159,CENTRAL,200,1336
167,CENTRAL,200,1381
105,CENTRAL,200,1315
155,CENTRAL,200,1364
154,CENTRAL,200,1357
151,CENTRAL,200,1152
168,CENTRAL,200,564
160,CENTRAL,200,1187
81,WEST,200,921
133,CENTRAL,200,1232
53,WEST,200,892
68,WEST,200,81
85,WEST,200,911
67,WEST,200,940
82,WEST,200,806
131,CENTRAL,200,87
63,WEST,200,821
43,WEST,200,542
99,CENTRAL,200,420
136,CENTRAL,200,281
115,CENTRAL,200,203
4,WEST,200,446
35,WEST,200,160
107,CENTRAL,200,34
129,CENTRAL,200,39
130,CENTRAL,200,35
134,CENTRAL,200,36
157,CENTRAL,200,44
132,CENTRAL,200,42
89,CENTRAL,200,39
92,CENTRAL,200,37
114,CENTRAL,200,38
152,CENTRAL,200,37
143,CENTRAL,200,36
60,WEST,200,52
161,CENTRAL,200,52
153,CENTRAL,200,53
94,CENTRAL,200,56
88,CENTRAL,200,35
104,CENTRAL,200,40
100,CENTRAL,200,38
86,CENTRAL,200,37
44,WEST,200,42
74,WEST,200,41
31,WEST,200,39
137,CENTRAL,200,35
57,WEST,200,43
146,CENTRAL,200,42
20,WEST,200,37
111,CENTRAL,200,61
27,WEST,200,75
23,WEST,200,73
116,CENTRAL,200,49
139,CENTRAL,200,36
26,WEST,200,36
37,WEST,200,57
150,CENTRAL,200,83
170,CENTRAL,200,103
140,CENTRAL,200,132
124,CENTRAL,200,141
84,WEST,200,64
162,CENTRAL,200,45
93,CENTRAL,200,47
166,CENTRAL,200,44
106,CENTRAL,200,46
113,CENTRAL,200,58
169,CENTRAL,200,48
56,WEST,200,55
22,WEST,200,48
40,WEST,200,49
17,WEST,200,36
36,WEST,200,37
1,WEST,200,36
3,WEST,200,37
11,WEST,200,36
62,WEST,200,44
41,WEST,200,53
72,WEST,200,52
80,WEST,200,38
79,WEST,200,88
33,WEST,200,109
29,WEST,200,118
5,WEST,200,142
19,WEST,200,115
15,WEST,200,116
13,WEST,200,125
8,WEST,200,131
45,WEST,200,135
66,WEST,200,37
34,WEST,200,37
12,WEST,200,36
70,WEST,200,293
71,WEST,200,451
59,WEST,200,461
2,WEST,200,448
28,WEST,200,462
52,WEST,200,482
61,WEST,200,510
14,WEST,200,553
6,WEST,200,544
18,WEST,200,551
9,WEST,200,551
21,WEST,200,562
24,WEST,200,546
78,WEST,200,563
7,WEST,200,547
42,WEST,200,550
73,WEST,200,555
83,WEST,200,549
49,WEST,200,553
51,WEST,200,565
48,WEST,200,565
10,WEST,200,555
47,WEST,200,565
30,WEST,200,562
25,WEST,200,564
39,WEST,200,568
75,WEST,200,584
58,WEST,200,564
69,WEST,200,561
55,WEST,200,565
54,WEST,200,571
32,WEST,200,575
77,WEST,200,575
50,WEST,200,573
208,EAST,200,43
175,EAST,200,33
178,EAST,200,34
217,EAST,200,34
196,EAST,200,34
202,EAST,200,54
174,EAST,200,43
186,EAST,200,38
176,EAST,200,56
179,EAST,200,56
185,EAST,200,51
181,EAST,200,65
182,EAST,200,55
225,EAST,200,109
251,EAST,200,144
177,EAST,200,150
180,EAST,200,150
204,EAST,200,140
219,EAST,200,54
194,EAST,200,40
145,CENTRAL,200,48
193,EAST,200,45
103,CENTRAL,200,57
231,EAST,200,58
222,EAST,200,44
250,EAST,200,46
195,EAST,200,43
215,EAST,200,45
220,EAST,200,56
241,EAST,200,38
187,EAST,200,51
234,EAST,200,50
236,EAST,200,46
209,EAST,200,69
205,EAST,200,105
173,EAST,200,118
221,EAST,200,136
190,EAST,200,122
229,EAST,200,72
227,EAST,200,106
235,EAST,200,122
212,EAST,200,94
240,EAST,200,92
256,EAST,200,47
247,EAST,200,36
255,EAST,200,44
253,EAST,200,44
207,EAST,200,44
197,EAST,200,39
171,EAST,200,47
90,CENTRAL,200,100
224,EAST,200,127
144,CENTRAL,200,149
112,CENTRAL,200,175
87,CENTRAL,200,166
122,CENTRAL,200,166
97,CENTRAL,200,167
191,EAST,200,179
214,EAST,200,179
223,EAST,200,143
248,EAST,200,134
91,CENTRAL,200,36
126,CENTRAL,200,254
118,CENTRAL,200,341
206,EAST,200,917
244,EAST,200,999
199,EAST,200,1027
233,EAST,200,1053
102,CENTRAL,200,1099
226,EAST,200,1107
200,EAST,200,1104
158,CENTRAL,200,1144
120,CENTRAL,200,1164
121,CENTRAL,200,1177
109,CENTRAL,200,1154
201,EAST,200,1159
101,CENTRAL,200,1178
254,EAST,200,1212
165,CENTRAL,200,1084
238,EAST,200,1076
95,CENTRAL,200,1099
135,CENTRAL,200,1119
119,CENTRAL,200,1178
172,EAST,200,1186
218,EAST,200,1107
216,EAST,200,1209
117,CENTRAL,200,1207
239,EAST,200,1200
230,EAST,200,1186
110,CENTRAL,200,1214
228,EAST,200,1197
188,EAST,200,1130
184,EAST,200,1167
148,CENTRAL,200,1155
213,EAST,200,1220
210,EAST,200,1177
156,CENTRAL,200,1142
138,CENTRAL,200,1168
252,EAST,200,1181
127,CENTRAL,200,1183
245,EAST,200,1207
128,CENTRAL,200,1173
125,CENTRAL,200,1232
246,EAST,200,1232
189,EAST,200,1223
237,EAST,200,1194
163,CENTRAL,200,1262
211,EAST,200,1190
192,EAST,200,1170
183,EAST,200,1171
96,CENTRAL,200,1220
249,EAST,200,1179
164,CENTRAL,200,1251
142,CENTRAL,200,1219
147,CENTRAL,200,1189
242,EAST,200,1210
243,EAST,200,1249
232,EAST,200,1256
141,CENTRAL,200,1195
123,CENTRAL,200,1187
108,CENTRAL,200,1255
203,EAST,200,1158
198,EAST,200,1252
159,CENTRAL,200,1084
149,CENTRAL,200,1113
151,CENTRAL,200,1035
160,CENTRAL,200,1033
133,CENTRAL,200,1014
105,CENTRAL,200,1104
98,CENTRAL,200,1115
154,CENTRAL,200,1101
155,CENTRAL,200,1111
131,CENTRAL,200,989
167,CENTRAL,200,1117
136,CENTRAL,200,984
107,CENTRAL,200,930
115,CENTRAL,200,979
99,CENTRAL,200,995
130,CENTRAL,200,862
129,CENTRAL,200,916
168,CENTRAL,200,1074
134,CENTRAL,200,807
157,CENTRAL,200,787
132,CENTRAL,200,785
92,CENTRAL,200,503
114,CENTRAL,200,318
89,CENTRAL,200,656
143,CENTRAL,200,240
152,CENTRAL,200,273
161,CENTRAL,200,136
153,CENTRAL,200,49
94,CENTRAL,200,47
88,CENTRAL,200,39
104,CENTRAL,200,40
100,CENTRAL,200,53
86,CENTRAL,200,48
137,CENTRAL,200,43
146,CENTRAL,200,37
111,CENTRAL,200,37
116,CENTRAL,200,37
139,CENTRAL,200,48
150,CENTRAL,200,36
170,CENTRAL,200,36
140,CENTRAL,200,53
124,CENTRAL,200,52
162,CENTRAL,200,43
93,CENTRAL,200,47
166,CENTRAL,200,47
113,CENTRAL,200,59
106,CENTRAL,200,59
169,CENTRAL,200,36
208,EAST,200,48
175,EAST,200,39
178,EAST,200,41
217,EAST,200,59
196,EAST,200,55
202,EAST,200,45
174,EAST,200,45
186,EAST,200,42
179,EAST,200,52
176,EAST,200,52
185,EAST,200,40
181,EAST,200,75
182,EAST,200,78
225,EAST,200,40
180,EAST,200,65
251,EAST,200,76
177,EAST,200,89
204,EAST,200,72
219,EAST,200,40
194,EAST,200,38
145,CENTRAL,200,54
193,EAST,200,50
103,CENTRAL,200,52
231,EAST,200,49
222,EAST,200,42
250,EAST,200,50
195,EAST,200,46
215,EAST,200,45
220,EAST,200,43
241,EAST,200,39
187,EAST,200,50
234,EAST,200,51
236,EAST,200,47
209,EAST,200,44
205,EAST,200,38
173,EAST,200,51
221,EAST,200,49
190,EAST,200,43
229,EAST,200,40
227,EAST,200,52
235,EAST,200,52
212,EAST,200,49
240,EAST,200,47
256,EAST,200,34
247,EAST,200,40
253,EAST,200,59
255,EAST,200,74
207,EAST,200,39
197,EAST,200,35
171,EAST,200,35
90,CENTRAL,200,40
224,EAST,200,51
144,CENTRAL,200,86
97,CENTRAL,200,258
87,CENTRAL,200,268
248,EAST,200,263
214,EAST,200,268
91,CENTRAL,200,206
112,CENTRAL,200,305
122,CENTRAL,200,303
223,EAST,200,305
191,EAST,200,305
126,CENTRAL,200,53
118,CENTRAL,200,41
244,EAST,200,103
206,EAST,200,229
199,EAST,200,117
233,EAST,200,71
102,CENTRAL,200,71
226,EAST,200,56
200,EAST,200,34
158,CENTRAL,200,45
120,CENTRAL,200,337
108,CENTRAL,200,702
198,EAST,200,780
230,EAST,200,952
188,EAST,200,937
218,EAST,200,959
135,CENTRAL,200,977
210,EAST,200,932
138,CENTRAL,200,930
148,CENTRAL,200,940
184,EAST,200,940
159,CENTRAL,200,852
149,CENTRAL,200,851
213,EAST,200,942
107,CENTRAL,200,802
109,CENTRAL,200,1193
121,CENTRAL,200,1236
95,CENTRAL,200,1261
117,CENTRAL,200,1284
254,EAST,200,1315
172,EAST,200,1323
216,EAST,200,1330
165,CENTRAL,200,1354
238,EAST,200,1360
228,EAST,200,1327
201,EAST,200,1364
96,CENTRAL,200,1272
239,EAST,200,1342
101,CENTRAL,200,1376
119,CENTRAL,200,1395
211,EAST,200,1322
242,EAST,200,1327
127,CENTRAL,200,1369
110,CENTRAL,200,1401
237,EAST,200,1359
252,EAST,200,1372
183,EAST,200,1355
156,CENTRAL,200,1404
164,CENTRAL,200,1363
246,EAST,200,1397
137,CENTRAL,200,891
232,EAST,200,1356
142,CENTRAL,200,1374
189,EAST,200,1407
163,CENTRAL,200,1401
203,EAST,200,1369
139,CENTRAL,200,707
111,CENTRAL,200,774
136,CENTRAL,200,1301
168,CENTRAL,200,1299
155,CENTRAL,200,1326
92,CENTRAL,200,1281
125,CENTRAL,200,1437
249,EAST,200,1418
192,EAST,200,1437
116,CENTRAL,200,766
123,CENTRAL,200,1414
245,EAST,200,1462
128,CENTRAL,200,1462
147,CENTRAL,200,1429
141,CENTRAL,200,1418
243,EAST,200,1440
104,CENTRAL,200,1131
100,CENTRAL,200,1074
161,CENTRAL,200,1293
133,CENTRAL,200,1389
151,CENTRAL,200,1395
86,CENTRAL,200,1081
94,CENTRAL,200,1242
98,CENTRAL,200,1397
150,CENTRAL,200,565
129,CENTRAL,200,1367
131,CENTRAL,200,1396
160,CENTRAL,200,1420
115,CENTRAL,200,1387
170,CENTRAL,200,531
134,CENTRAL,200,1378
124,CENTRAL,200,497
140,CENTRAL,200,497
152,CENTRAL,200,1350
154,CENTRAL,200,1427
89,CENTRAL,200,1355
153,CENTRAL,200,1280
130,CENTRAL,200,1394
105,CENTRAL,200,1429
157,CENTRAL,200,1388
99,CENTRAL,200,1397
167,CENTRAL,200,1420
143,CENTRAL,200,1352
132,CENTRAL,200,1384
114,CENTRAL,200,1376
88,CENTRAL,200,1253
146,CENTRAL,200,976
162,CENTRAL,200,124
93,CENTRAL,200,49
166,CENTRAL,200,46
113,CENTRAL,200,60
106,CENTRAL,200,66
169,CENTRAL,200,51
208,EAST,200,45
175,EAST,200,38
178,EAST,200,35
217,EAST,200,42
196,EAST,200,40
202,EAST,200,39
174,EAST,200,45
186,EAST,200,37
176,EAST,200,52
179,EAST,200,52
185,EAST,200,52
181,EAST,200,49
182,EAST,200,49
225,EAST,200,43
251,EAST,200,79
177,EAST,200,54
180,EAST,200,85
204,EAST,200,65
219,EAST,200,42
194,EAST,200,43
193,EAST,200,54
145,CENTRAL,200,55
231,EAST,200,52
103,CENTRAL,200,52
222,EAST,200,43
250,EAST,200,37
195,EAST,200,45
215,EAST,200,37
220,EAST,200,47
241,EAST,200,38
187,EAST,200,36
234,EAST,200,48
236,EAST,200,47
209,EAST,200,45
205,EAST,200,37
173,EAST,200,42
221,EAST,200,46
190,EAST,200,37
229,EAST,200,45
227,EAST,200,50
235,EAST,200,50
240,EAST,200,49
212,EAST,200,56
256,EAST,200,38
247,EAST,200,35
253,EAST,200,47
255,EAST,200,53
207,EAST,200,35
197,EAST,200,36
171,EAST,200,39
90,CENTRAL,200,38
224,EAST,200,40
144,CENTRAL,200,51
97,CENTRAL,200,70
87,CENTRAL,200,86
248,EAST,200,111
112,CENTRAL,200,103
214,EAST,200,154
91,CENTRAL,200,163
223,EAST,200,127
122,CENTRAL,200,147
126,CENTRAL,200,101
191,EAST,200,157
118,CENTRAL,200,49
244,EAST,200,35
206,EAST,200,38
199,EAST,200,42
102,CENTRAL,200,55
233,EAST,200,86
226,EAST,200,77
200,EAST,200,56
158,CENTRAL,200,36
120,CENTRAL,200,43
108,CENTRAL,200,44
198,EAST,200,35
230,EAST,200,137
188,EAST,200,176
218,EAST,200,183
149,CENTRAL,200,180
135,CENTRAL,200,192
148,CENTRAL,200,195
107,CENTRAL,200,191
159,CENTRAL,200,195
184,EAST,200,195
213,EAST,200,191
210,EAST,200,199
138,CENTRAL,200,197
109,CENTRAL,200,39
121,CENTRAL,200,37
95,CENTRAL,200,37
117,CENTRAL,200,40
254,EAST,200,43
172,EAST,200,77
216,EAST,200,239
165,CENTRAL,200,365
164,CENTRAL,200,347
239,EAST,200,510
238,EAST,200,531
201,EAST,200,552
101,CENTRAL,200,618
228,EAST,200,647
96,CENTRAL,200,674
211,EAST,200,896
119,CENTRAL,200,896
143,CENTRAL,200,831
252,EAST,200,1059
110,CENTRAL,200,1062
156,CENTRAL,200,1061
137,CENTRAL,200,1058
237,EAST,200,1117
242,EAST,200,1134
125,CENTRAL,200,1075
127,CENTRAL,200,1161
136,CENTRAL,200,1095
246,EAST,200,1137
93,CENTRAL,200,915
203,EAST,200,1133
183,EAST,200,1186
111,CENTRAL,200,1137
189,EAST,200,1153
192,EAST,200,1121
161,CENTRAL,200,1104
142,CENTRAL,200,1180
86,CENTRAL,200,1095
232,EAST,200,1195
151,CENTRAL,200,1112
243,EAST,200,1126
133,CENTRAL,200,1121
116,CENTRAL,200,1150
92,CENTRAL,200,1173
249,EAST,200,1168
141,CENTRAL,200,1153
153,CENTRAL,200,1099
139,CENTRAL,200,1205
155,CENTRAL,200,1196
168,CENTRAL,200,1198
170,CENTRAL,200,1117
129,CENTRAL,200,1139
167,CENTRAL,200,1114
131,CENTRAL,200,1137
132,CENTRAL,200,1106
163,CENTRAL,200,1225
114,CENTRAL,200,1107
100,CENTRAL,200,1169
147,CENTRAL,200,1181
123,CENTRAL,200,1181
160,CENTRAL,200,1132
99,CENTRAL,200,1121
104,CENTRAL,200,1177
245,EAST,200,1188
166,CENTRAL,200,1026
134,CENTRAL,200,1136
150,CENTRAL,200,1161
128,CENTRAL,200,1195
146,CENTRAL,200,1112
140,CENTRAL,200,1146
88,CENTRAL,200,1127
115,CENTRAL,200,1150
157,CENTRAL,200,1139
154,CENTRAL,200,1139
98,CENTRAL,200,1171
162,CENTRAL,200,1115
105,CENTRAL,200,1139
89,CENTRAL,200,1139
152,CENTRAL,200,1141
124,CENTRAL,200,1148
130,CENTRAL,200,1141
94,CENTRAL,200,1181
169,CENTRAL,200,717
106,CENTRAL,200,732
113,CENTRAL,200,739
208,EAST,200,40
175,EAST,200,36
178,EAST,200,40
217,EAST,200,41
196,EAST,200,37
202,EAST,200,36
174,EAST,200,45
186,EAST,200,38
176,EAST,200,52
179,EAST,200,52
185,EAST,200,36
181,EAST,200,44
182,EAST,200,55
225,EAST,200,48
177,EAST,200,53
204,EAST,200,67
180,EAST,200,80
251,EAST,200,85
219,EAST,200,45
194,EAST,200,42
193,EAST,200,50
145,CENTRAL,200,51
103,CENTRAL,200,50
231,EAST,200,50
222,EAST,200,71
250,EAST,200,36
195,EAST,200,44
215,EAST,200,43
220,EAST,200,37
241,EAST,200,48
187,EAST,200,43
234,EAST,200,57
236,EAST,200,53
209,EAST,200,55
205,EAST,200,44
173,EAST,200,37
221,EAST,200,45
190,EAST,200,36
229,EAST,200,42
235,EAST,200,50
227,EAST,200,50
240,EAST,200,46
212,EAST,200,54
256,EAST,200,54
247,EAST,200,55
253,EAST,200,44
255,EAST,200,41
207,EAST,200,33
197,EAST,200,38
171,EAST,200,36
90,CENTRAL,200,40
224,EAST,200,52
144,CENTRAL,200,46
97,CENTRAL,200,35
87,CENTRAL,200,35
248,EAST,200,46
112,CENTRAL,200,42
214,EAST,200,52
91,CENTRAL,200,92
223,EAST,200,101
122,CENTRAL,200,100
126,CENTRAL,200,85
191,EAST,200,87
118,CENTRAL,200,61
244,EAST,200,40
206,EAST,200,37
199,EAST,200,36
102,CENTRAL,200,37
233,EAST,200,50
200,EAST,200,65
226,EAST,200,74
158,CENTRAL,200,53
120,CENTRAL,200,45
108,CENTRAL,200,58
198,EAST,200,35
230,EAST,200,39
188,EAST,200,43
218,EAST,200,89
159,CENTRAL,200,157
213,EAST,200,157
210,EAST,200,162
149,CENTRAL,200,203
135,CENTRAL,200,206
184,EAST,200,204
138,CENTRAL,200,204
107,CENTRAL,200,204
148,CENTRAL,200,208
109,CENTRAL,200,191
121,CENTRAL,200,165
254,EAST,200,68
95,CENTRAL,200,130
117,CENTRAL,200,93
172,EAST,200,37
216,EAST,200,38
165,CENTRAL,200,44
164,CENTRAL,200,36
239,EAST,200,41
238,EAST,200,42
201,EAST,200,37
101,CENTRAL,200,35
228,EAST,200,36
96,CENTRAL,200,34
211,EAST,200,54
119,CENTRAL,200,57
143,CENTRAL,200,34
110,CENTRAL,200,48
252,EAST,200,52
156,CENTRAL,200,44
137,CENTRAL,200,48
237,EAST,200,47
242,EAST,200,54
125,CENTRAL,200,72
127,CENTRAL,200,85
203,EAST,200,430
105,CENTRAL,200,340
113,CENTRAL,200,326
130,CENTRAL,200,342
146,CENTRAL,200,349
136,CENTRAL,200,499
167,CENTRAL,200,401
189,EAST,200,502
166,CENTRAL,200,567
162,CENTRAL,200,553
93,CENTRAL,200,810
246,EAST,200,831
86,CENTRAL,200,869
111,CENTRAL,200,890
183,EAST,200,903
192,EAST,200,936
142,CENTRAL,200,943
133,CENTRAL,200,927
249,EAST,200,918
232,EAST,200,937
161,CENTRAL,200,958
94,CENTRAL,200,868
89,CENTRAL,200,879
151,CENTRAL,200,947
116,CENTRAL,200,946
134,CENTRAL,200,900
153,CENTRAL,200,928
245,EAST,200,912
106,CENTRAL,200,881
155,CENTRAL,200,942
88,CENTRAL,200,912
123,CENTRAL,200,932
99,CENTRAL,200,925
129,CENTRAL,200,937
124,CENTRAL,200,909
160,CENTRAL,200,935
115,CENTRAL,200,917
128,CENTRAL,200,922
132,CENTRAL,200,940
157,CENTRAL,200,921
170,CENTRAL,200,952
147,CENTRAL,200,942
104,CENTRAL,200,934
152,CENTRAL,200,917
92,CENTRAL,200,977
100,CENTRAL,200,942
163,CENTRAL,200,942
243,EAST,200,985
141,CENTRAL,200,969
114,CENTRAL,200,942
131,CENTRAL,200,944
154,CENTRAL,200,925
140,CENTRAL,200,925
168,CENTRAL,200,957
150,CENTRAL,200,934
169,CENTRAL,200,915
139,CENTRAL,200,959
98,CENTRAL,200,929
208,EAST,200,47
175,EAST,200,38
178,EAST,200,38
217,EAST,200,49
196,EAST,200,56
202,EAST,200,41
174,EAST,200,48
186,EAST,200,41
179,EAST,200,85
176,EAST,200,88
185,EAST,200,51
181,EAST,200,45
182,EAST,200,50
225,EAST,200,49
177,EAST,200,100
251,EAST,200,122
180,EAST,200,125
204,EAST,200,133
219,EAST,200,82
194,EAST,200,74
193,EAST,200,84
145,CENTRAL,200,111
103,CENTRAL,200,169
231,EAST,200,169
222,EAST,200,49
250,EAST,200,56
195,EAST,200,41
215,EAST,200,40
220,EAST,200,39
241,EAST,200,43
187,EAST,200,46
234,EAST,200,55
236,EAST,200,55
209,EAST,200,53
205,EAST,200,49
173,EAST,200,36
221,EAST,200,49
190,EAST,200,45
229,EAST,200,56
235,EAST,200,51
227,EAST,200,54
240,EAST,200,45
212,EAST,200,59
256,EAST,200,53
247,EAST,200,36
253,EAST,200,45
255,EAST,200,43
207,EAST,200,37
197,EAST,200,36
171,EAST,200,36
90,CENTRAL,200,52
224,EAST,200,42
144,CENTRAL,200,47
97,CENTRAL,200,49
87,CENTRAL,200,45
248,EAST,200,47
112,CENTRAL,200,47
214,EAST,200,37
122,CENTRAL,200,327
126,CENTRAL,200,319
91,CENTRAL,200,339
191,EAST,200,314
223,EAST,200,330
118,CENTRAL,200,341
206,EAST,200,192
244,EAST,200,213
200,EAST,200,109
102,CENTRAL,200,179
233,EAST,200,137
199,EAST,200,222
226,EAST,200,137
158,CENTRAL,200,137
120,CENTRAL,200,241
230,EAST,200,73
108,CENTRAL,200,327
198,EAST,200,279
188,EAST,200,62
218,EAST,200,36
213,EAST,200,57
135,CENTRAL,200,124
184,EAST,200,128
148,CENTRAL,200,142
210,EAST,200,276
107,CENTRAL,200,234
95,CENTRAL,200,195
149,CENTRAL,200,247
159,CENTRAL,200,281
138,CENTRAL,200,234
121,CENTRAL,200,215
254,EAST,200,218
172,EAST,200,192
109,CENTRAL,200,244
117,CENTRAL,200,219
216,EAST,200,41
165,CENTRAL,200,43
164,CENTRAL,200,59
239,EAST,200,236
101,CENTRAL,200,180
96,CENTRAL,200,182
238,EAST,200,320
228,EAST,200,211
201,EAST,200,303
211,EAST,200,48
119,CENTRAL,200,51
125,CENTRAL,200,134
127,CENTRAL,200,112
110,CENTRAL,200,330
242,EAST,200,266
143,CENTRAL,200,422
252,EAST,200,349
156,CENTRAL,200,328
137,CENTRAL,200,316
237,EAST,200,299
189,EAST,200,258
113,CENTRAL,200,325
130,CENTRAL,200,324
162,CENTRAL,200,117
146,CENTRAL,200,358
203,EAST,200,386
166,CENTRAL,200,152
105,CENTRAL,200,362
136,CENTRAL,200,350
167,CENTRAL,200,327
246,EAST,200,52
93,CENTRAL,200,65
142,CENTRAL,200,401
116,CENTRAL,200,385
133,CENTRAL,200,405
94,CENTRAL,200,397
249,EAST,200,408
161,CENTRAL,200,405
89,CENTRAL,200,395
183,EAST,200,723
111,CENTRAL,200,730
192,EAST,200,674
245,EAST,200,620
232,EAST,200,647
134,CENTRAL,200,632
243,EAST,200,598
151,CENTRAL,200,637
153,CENTRAL,200,628
86,CENTRAL,200,732
208,EAST,200,233
202,EAST,200,140
217,EAST,200,179
196,EAST,200,176
178,EAST,200,269
175,EAST,200,314
186,EAST,200,207
174,EAST,200,250
176,EAST,200,100
179,EAST,200,104
185,EAST,200,50
181,EAST,200,38
182,EAST,200,52
225,EAST,200,59
204,EAST,200,205
180,EAST,200,207
251,EAST,200,210
219,EAST,200,189
177,EAST,200,273
194,EAST,200,192
193,EAST,200,111
231,EAST,200,40
222,EAST,200,53
250,EAST,200,38
195,EAST,200,41
215,EAST,200,206
220,EAST,200,42
241,EAST,200,42
187,EAST,200,46
236,EAST,200,244
234,EAST,200,245
205,EAST,200,54
209,EAST,200,62
173,EAST,200,39
221,EAST,200,168
190,EAST,200,163
229,EAST,200,39
235,EAST,200,49
227,EAST,200,58
240,EAST,200,50
212,EAST,200,50
256,EAST,200,52
247,EAST,200,273
253,EAST,200,102
255,EAST,200,92
207,EAST,200,75
197,EAST,200,73
171,EAST,200,101
224,EAST,200,228
248,EAST,200,36
214,EAST,200,37
223,EAST,200,72
191,EAST,200,72
244,EAST,200,128
206,EAST,200,133
233,EAST,200,110
226,EAST,200,98
200,EAST,200,139
199,EAST,200,108
230,EAST,200,95
198,EAST,200,73
188,EAST,200,68
218,EAST,200,48
213,EAST,200,37
184,EAST,200,65
216,EAST,200,51
172,EAST,200,86
210,EAST,200,122
254,EAST,200,128
239,EAST,200,88
228,EAST,200,49
238,EAST,200,62
201,EAST,200,69
211,EAST,200,36
252,EAST,200,53
242,EAST,200,67
237,EAST,200,61
189,EAST,200,36
203,EAST,200,38
246,EAST,200,35
249,EAST,200,38
192,EAST,200,140
183,EAST,200,140
243,EAST,200,152
245,EAST,200,156
232,EAST,200,156
208,EAST,200,39
217,EAST,200,81
196,EAST,200,76
202,EAST,200,90
175,EAST,200,86
178,EAST,200,89
186,EAST,200,44
174,EAST,200,46
179,EAST,200,80
176,EAST,200,80
185,EAST,200,52
181,EAST,200,36
182,EAST,200,40
225,EAST,200,38
180,EAST,200,108
251,EAST,200,108
193,EAST,200,97
204,EAST,200,125
194,EAST,200,124
177,EAST,200,130
219,EAST,200,134
231,EAST,200,83
222,EAST,200,42
250,EAST,200,36
195,EAST,200,50
215,EAST,200,54
220,EAST,200,56
241,EAST,200,56
187,EAST,200,80
234,EAST,200,52
236,EAST,200,54
209,EAST,200,53
205,EAST,200,53
173,EAST,200,41
190,EAST,200,57
221,EAST,200,57
229,EAST,200,37
235,EAST,200,40
227,EAST,200,53
240,EAST,200,49
212,EAST,200,47
256,EAST,200,53
247,EAST,200,42
253,EAST,200,53
255,EAST,200,53
207,EAST,200,35
197,EAST,200,38
171,EAST,200,39
224,EAST,200,38
248,EAST,200,41
214,EAST,200,57
223,EAST,200,77
191,EAST,200,86
206,EAST,200,59
244,EAST,200,90
200,EAST,200,72
226,EAST,200,84
233,EAST,200,106
199,EAST,200,90
198,EAST,200,85
230,EAST,200,88
188,EAST,200,82
218,EAST,200,77
213,EAST,200,45
184,EAST,200,39
216,EAST,200,61
172,EAST,200,106
210,EAST,200,111
254,EAST,200,92
239,EAST,200,43
228,EAST,200,50
238,EAST,200,55
201,EAST,200,55
211,EAST,200,36
242,EAST,200,52
252,EAST,200,72
237,EAST,200,67
189,EAST,200,38
203,EAST,200,35
246,EAST,200,34
249,EAST,200,42
183,EAST,200,72
192,EAST,200,72
232,EAST,200,70
245,EAST,200,85
243,EAST,200,90
208,EAST,200,37
217,EAST,200,85
202,EAST,200,104
175,EAST,200,92
178,EAST,200,97
196,EAST,200,113
186,EAST,200,42
174,EAST,200,36
185,EAST,200,52
176,EAST,200,68
179,EAST,200,72
181,EAST,200,49
182,EAST,200,49
225,EAST,200,43
251,EAST,200,84
204,EAST,200,94
219,EAST,200,83
180,EAST,200,117
194,EAST,200,105
193,EAST,200,128
177,EAST,200,114
231,EAST,200,104
222,EAST,200,51
250,EAST,200,37
195,EAST,200,140
215,EAST,200,189
220,EAST,200,189
241,EAST,200,123
187,EAST,200,150
205,EAST,200,160
209,EAST,200,160
234,EAST,200,258
236,EAST,200,257
173,EAST,200,72
190,EAST,200,217
221,EAST,200,217
229,EAST,200,142
235,EAST,200,43
227,EAST,200,157
240,EAST,200,153
256,EAST,200,287
212,EAST,200,301
255,EAST,200,185
253,EAST,200,185
247,EAST,200,245
207,EAST,200,255
197,EAST,200,210
171,EAST,200,68
224,EAST,200,267
248,EAST,200,311
214,EAST,200,254
223,EAST,200,53
191,EAST,200,65
206,EAST,200,52
244,EAST,200,50
200,EAST,200,60
199,EAST,200,66
226,EAST,200,77
233,EAST,200,73
230,EAST,200,54
218,EAST,200,74
188,EAST,200,86
198,EAST,200,97
213,EAST,200,43
184,EAST,200,35
216,EAST,200,34
172,EAST,200,43
210,EAST,200,54
254,EAST,200,60
239,EAST,200,52
228,EAST,200,36
238,EAST,200,48
201,EAST,200,46
211,EAST,200,37
242,EAST,200,35
252,EAST,200,54
237,EAST,200,50
189,EAST,200,48
203,EAST,200,35
246,EAST,200,38
249,EAST,200,57
192,EAST,200,73
183,EAST,200,77
232,EAST,200,71
245,EAST,200,72
243,EAST,200,72
208,EAST,200,45
217,EAST,200,38
175,EAST,200,82
202,EAST,200,89
178,EAST,200,84
196,EAST,200,88
186,EAST,200,41
174,EAST,200,59
176,EAST,200,56
185,EAST,200,74
179,EAST,200,80
181,EAST,200,66
182,EAST,200,67
225,EAST,200,61
251,EAST,200,42
204,EAST,200,84
219,EAST,200,87
180,EAST,200,123
193,EAST,200,119
194,EAST,200,128
231,EAST,200,117
177,EAST,200,125
222,EAST,200,36
250,EAST,200,45
195,EAST,200,43
215,EAST,200,37
220,EAST,200,50
241,EAST,200,53
187,EAST,200,64
209,EAST,200,114
234,EAST,200,118
236,EAST,200,124
205,EAST,200,127
173,EAST,200,102
221,EAST,200,51
190,EAST,200,68
229,EAST,200,71
235,EAST,200,44
240,EAST,200,58
227,EAST,200,58
212,EAST,200,53
256,EAST,200,53
255,EAST,200,61
247,EAST,200,75
253,EAST,200,75
207,EAST,200,50
197,EAST,200,50
171,EAST,200,40
224,EAST,200,38
248,EAST,200,60
214,EAST,200,60
191,EAST,200,43
223,EAST,200,268
206,EAST,200,37
244,EAST,200,39
200,EAST,200,35
199,EAST,200,48
226,EAST,200,63
233,EAST,200,65
230,EAST,200,48
218,EAST,200,43
188,EAST,200,61
198,EAST,200,63
213,EAST,200,53
184,EAST,200,36
216,EAST,200,45
172,EAST,200,37
210,EAST,200,44
254,EAST,200,44
239,EAST,200,44
228,EAST,200,37
238,EAST,200,55
201,EAST,200,56
211,EAST,200,36
242,EAST,200,37
252,EAST,200,59
237,EAST,200,57
189,EAST,200,43
203,EAST,200,42
246,EAST,200,42
249,EAST,200,71
192,EAST,200,61
245,EAST,200,62
183,EAST,200,96
232,EAST,200,97
243,EAST,200,86
208,EAST,200,50
217,EAST,200,36
175,EAST,200,160
202,EAST,200,191
178,EAST,200,220
196,EAST,200,221
186,EAST,200,57
174,EAST,200,54
176,EAST,200,75
185,EAST,200,148
181,EAST,200,147
179,EAST,200,158
182,EAST,200,133
225,EAST,200,150
219,EAST,200,92
177,EAST,200,72
193,EAST,200,143
194,EAST,200,143
231,EAST,200,137
204,EAST,200,210
251,EAST,200,281
180,EAST,200,167
222,EAST,200,36
250,EAST,200,39
195,EAST,200,56
215,EAST,200,43
220,EAST,200,53
241,EAST,200,50
187,EAST,200,36
234,EAST,200,166
205,EAST,200,160
209,EAST,200,174
236,EAST,200,201
173,EAST,200,195
221,EAST,200,64
190,EAST,200,71
229,EAST,200,94
235,EAST,200,83
227,EAST,200,51
240,EAST,200,51
212,EAST,200,51
256,EAST,200,51
255,EAST,200,52
253,EAST,200,56
247,EAST,200,60
207,EAST,200,52
197,EAST,200,58
171,EAST,200,46
224,EAST,200,36
248,EAST,200,50
214,EAST,200,50
191,EAST,200,36
223,EAST,200,35
206,EAST,200,43
244,EAST,200,41
200,EAST,200,36
199,EAST,200,36
226,EAST,200,52
233,EAST,200,50
230,EAST,200,44
218,EAST,200,38
188,EAST,200,41
198,EAST,200,55
213,EAST,200,48
184,EAST,200,60
216,EAST,200,37
172,EAST,200,36
210,EAST,200,63
254,EAST,200,65
239,EAST,200,59
228,EAST,200,44
201,EAST,200,53
238,EAST,200,58
211,EAST,200,35
242,EAST,200,38
237,EAST,200,53
252,EAST,200,53
189,EAST,200,36
203,EAST,200,42
